Sender: LSF System <lsfadmin@cb033>
Subject: Job 70006049: <./Train_Logistic_Aonly.py> in cluster <centralcluster> Done

Job <./Train_Logistic_Aonly.py> was submitted from host <cw02> by user <junewoo> in cluster <centralcluster> at Sat Aug 15 02:46:55 2026
Job was executed on host(s) <cb033>, in queue <s>, as user <junewoo> in cluster <centralcluster> at Sat Aug 15 02:46:56 2026
</home/belle2/junewoo> was used as the home directory.
</home/belle2/junewoo/storage_ghi/tau_gen_cut/MC16ri/Doremy/UUBAR_GEN_16i_1f> was used as the working directory.
Started at Sat Aug 15 02:46:56 2026
Terminated at Sat Aug 15 02:51:21 2026
Results reported at Sat Aug 15 02:51:21 2026

Your job looked like:

------------------------------------------------------------
# LSBATCH: User input
./Train_Logistic_Aonly.py
------------------------------------------------------------

Successfully completed.

Resource usage summary:

    CPU time :                                   237.53 sec.
    Max Memory :                                 706 MB
    Average Memory :                             359.53 MB
    Total Requested Memory :                     4000.00 MB
    Delta Memory :                               3294.00 MB
    Max Swap :                                   2 MB
    Max Processes :                              3
    Max Threads :                                7
    Run time :                                   266 sec.
    Turnaround time :                            266 sec.

The output (if any) follows:

Reading signal...
[1/2503] Reading signal/signal_Ntuple_00000_job573389011_00.root
[2/2503] Reading signal/signal_Ntuple_00001_job573389012_00.root
[3/2503] Reading signal/signal_Ntuple_00002_job573389013_00.root
[4/2503] Reading signal/signal_Ntuple_00003_job573389014_00.root
[5/2503] Reading signal/signal_Ntuple_00004_job573389015_00.root
[6/2503] Reading signal/signal_Ntuple_00005_job573389016_00.root
[7/2503] Reading signal/signal_Ntuple_00006_job573389017_00.root
[8/2503] Reading signal/signal_Ntuple_00007_job573389018_00.root
[9/2503] Reading signal/signal_Ntuple_00008_job573389019_00.root
[10/2503] Reading signal/signal_Ntuple_00009_job573389020_00.root
[11/2503] Reading signal/signal_Ntuple_00010_job573389021_00.root
[12/2503] Reading signal/signal_Ntuple_00011_job573389022_00.root
[13/2503] Reading signal/signal_Ntuple_00012_job573389023_00.root
[14/2503] Reading signal/signal_Ntuple_00013_job573389024_00.root
[15/2503] Reading signal/signal_Ntuple_00014_job573389025_00.root
[16/2503] Reading signal/signal_Ntuple_00015_job573389026_00.root
[17/2503] Reading signal/signal_Ntuple_00016_job573389027_00.root
[18/2503] Reading signal/signal_Ntuple_00017_job573389028_00.root
[19/2503] Reading signal/signal_Ntuple_00018_job573389029_00.root
[20/2503] Reading signal/signal_Ntuple_00019_job573389030_00.root
[21/2503] Reading signal/signal_Ntuple_00020_job573389031_00.root
[22/2503] Reading signal/signal_Ntuple_00021_job573389032_00.root
[23/2503] Reading signal/signal_Ntuple_00022_job573389033_00.root
[24/2503] Reading signal/signal_Ntuple_00023_job573389034_00.root
[25/2503] Reading signal/signal_Ntuple_00024_job573389035_00.root
[26/2503] Reading signal/signal_Ntuple_00025_job573389036_00.root
[27/2503] Reading signal/signal_Ntuple_00026_job573389037_00.root
[28/2503] Reading signal/signal_Ntuple_00027_job573389038_00.root
[29/2503] Reading signal/signal_Ntuple_00028_job573389039_00.root
[30/2503] Reading signal/signal_Ntuple_00029_job573389040_00.root
[31/2503] Reading signal/signal_Ntuple_00030_job573389041_00.root
[32/2503] Reading signal/signal_Ntuple_00031_job573389042_00.root
[33/2503] Reading signal/signal_Ntuple_00032_job573389043_00.root
[34/2503] Reading signal/signal_Ntuple_00033_job573389044_00.root
[35/2503] Reading signal/signal_Ntuple_00034_job573389045_00.root
[36/2503] Reading signal/signal_Ntuple_00035_job573389046_00.root
[37/2503] Reading signal/signal_Ntuple_00036_job573389047_00.root
[38/2503] Reading signal/signal_Ntuple_00037_job573389048_00.root
[39/2503] Reading signal/signal_Ntuple_00038_job573389049_00.root
[40/2503] Reading signal/signal_Ntuple_00039_job573389050_00.root
[41/2503] Reading signal/signal_Ntuple_00040_job573389051_00.root
[42/2503] Reading signal/signal_Ntuple_00041_job573389052_00.root
[43/2503] Reading signal/signal_Ntuple_00042_job573389053_00.root
[44/2503] Reading signal/signal_Ntuple_00043_job573389054_00.root
[45/2503] Reading signal/signal_Ntuple_00044_job573389055_00.root
[46/2503] Reading signal/signal_Ntuple_00045_job573389056_00.root
[47/2503] Reading signal/signal_Ntuple_00046_job573389057_00.root
[48/2503] Reading signal/signal_Ntuple_00047_job573389058_00.root
[49/2503] Reading signal/signal_Ntuple_00048_job573389059_00.root
[50/2503] Reading signal/signal_Ntuple_00049_job573389060_00.root
[51/2503] Reading signal/signal_Ntuple_00050_job573389061_00.root
[52/2503] Reading signal/signal_Ntuple_00051_job573389062_00.root
[53/2503] Reading signal/signal_Ntuple_00052_job573389063_00.root
[54/2503] Reading signal/signal_Ntuple_00053_job573389064_00.root
[55/2503] Reading signal/signal_Ntuple_00054_job573389065_00.root
[56/2503] Reading signal/signal_Ntuple_00055_job573389066_00.root
[57/2503] Reading signal/signal_Ntuple_00056_job573389067_00.root
[58/2503] Reading signal/signal_Ntuple_00057_job573389068_00.root
[59/2503] Reading signal/signal_Ntuple_00058_job573389069_00.root
[60/2503] Reading signal/signal_Ntuple_00059_job573389070_00.root
[61/2503] Reading signal/signal_Ntuple_00060_job573389071_00.root
[62/2503] Reading signal/signal_Ntuple_00061_job573389072_00.root
[63/2503] Reading signal/signal_Ntuple_00062_job573389073_00.root
[64/2503] Reading signal/signal_Ntuple_00063_job573389074_00.root
[65/2503] Reading signal/signal_Ntuple_00064_job573389075_00.root
[66/2503] Reading signal/signal_Ntuple_00065_job573389076_00.root
[67/2503] Reading signal/signal_Ntuple_00066_job573389077_00.root
[68/2503] Reading signal/signal_Ntuple_00067_job573389078_00.root
[69/2503] Reading signal/signal_Ntuple_00068_job573389079_00.root
[70/2503] Reading signal/signal_Ntuple_00069_job573389080_00.root
[71/2503] Reading signal/signal_Ntuple_00070_job573389081_00.root
[72/2503] Reading signal/signal_Ntuple_00071_job573389082_00.root
[73/2503] Reading signal/signal_Ntuple_00072_job573389083_00.root
[74/2503] Reading signal/signal_Ntuple_00073_job573389084_00.root
[75/2503] Reading signal/signal_Ntuple_00074_job573389085_00.root
[76/2503] Reading signal/signal_Ntuple_00075_job573389086_00.root
[77/2503] Reading signal/signal_Ntuple_00076_job573389087_00.root
[78/2503] Reading signal/signal_Ntuple_00077_job573389088_00.root
[79/2503] Reading signal/signal_Ntuple_00078_job573389089_00.root
[80/2503] Reading signal/signal_Ntuple_00079_job573389090_00.root
[81/2503] Reading signal/signal_Ntuple_00080_job573389091_00.root
[82/2503] Reading signal/signal_Ntuple_00081_job573389092_00.root
[83/2503] Reading signal/signal_Ntuple_00082_job573389093_00.root
[84/2503] Reading signal/signal_Ntuple_00083_job573389094_00.root
[85/2503] Reading signal/signal_Ntuple_00084_job573389095_00.root
[86/2503] Reading signal/signal_Ntuple_00085_job573389096_00.root
[87/2503] Reading signal/signal_Ntuple_00086_job573389097_00.root
[88/2503] Reading signal/signal_Ntuple_00087_job573389098_00.root
[89/2503] Reading signal/signal_Ntuple_00088_job573389099_00.root
[90/2503] Reading signal/signal_Ntuple_00089_job573389100_00.root
[91/2503] Reading signal/signal_Ntuple_00090_job573389101_00.root
[92/2503] Reading signal/signal_Ntuple_00091_job573389102_00.root
[93/2503] Reading signal/signal_Ntuple_00092_job573389103_00.root
[94/2503] Reading signal/signal_Ntuple_00093_job573389104_00.root
[95/2503] Reading signal/signal_Ntuple_00094_job573389105_00.root
[96/2503] Reading signal/signal_Ntuple_00095_job573389106_00.root
[97/2503] Reading signal/signal_Ntuple_00096_job573389107_00.root
[98/2503] Reading signal/signal_Ntuple_00097_job573389108_00.root
[99/2503] Reading signal/signal_Ntuple_00098_job573389109_00.root
[100/2503] Reading signal/signal_Ntuple_00099_job573389110_00.root
[101/2503] Reading signal/signal_Ntuple_00100_job573389111_00.root
[102/2503] Reading signal/signal_Ntuple_00101_job573389112_00.root
[103/2503] Reading signal/signal_Ntuple_00102_job573389113_00.root
[104/2503] Reading signal/signal_Ntuple_00103_job573389114_00.root
[105/2503] Reading signal/signal_Ntuple_00104_job573389115_00.root
[106/2503] Reading signal/signal_Ntuple_00105_job573389116_00.root
[107/2503] Reading signal/signal_Ntuple_00106_job573389117_00.root
[108/2503] Reading signal/signal_Ntuple_00107_job573389118_00.root
[109/2503] Reading signal/signal_Ntuple_00108_job573389119_00.root
[110/2503] Reading signal/signal_Ntuple_00109_job573389120_00.root
[111/2503] Reading signal/signal_Ntuple_00110_job573389121_00.root
[112/2503] Reading signal/signal_Ntuple_00111_job573389122_00.root
[113/2503] Reading signal/signal_Ntuple_00112_job573389123_00.root
[114/2503] Reading signal/signal_Ntuple_00113_job573389124_00.root
[115/2503] Reading signal/signal_Ntuple_00114_job573389125_00.root
[116/2503] Reading signal/signal_Ntuple_00115_job573389126_00.root
[117/2503] Reading signal/signal_Ntuple_00116_job573389127_00.root
[118/2503] Reading signal/signal_Ntuple_00117_job573389128_00.root
[119/2503] Reading signal/signal_Ntuple_00118_job573389129_00.root
[120/2503] Reading signal/signal_Ntuple_00119_job573389130_00.root
[121/2503] Reading signal/signal_Ntuple_00120_job573389131_00.root
[122/2503] Reading signal/signal_Ntuple_00121_job573389132_00.root
[123/2503] Reading signal/signal_Ntuple_00122_job573389133_00.root
[124/2503] Reading signal/signal_Ntuple_00123_job573389134_00.root
[125/2503] Reading signal/signal_Ntuple_00124_job573389135_00.root
[126/2503] Reading signal/signal_Ntuple_00125_job573389136_00.root
[127/2503] Reading signal/signal_Ntuple_00126_job573389137_00.root
[128/2503] Reading signal/signal_Ntuple_00127_job573389138_00.root
[129/2503] Reading signal/signal_Ntuple_00128_job573389139_00.root
[130/2503] Reading signal/signal_Ntuple_00129_job573389140_00.root
[131/2503] Reading signal/signal_Ntuple_00130_job573389141_00.root
[132/2503] Reading signal/signal_Ntuple_00131_job573389142_00.root
[133/2503] Reading signal/signal_Ntuple_00132_job573389143_00.root
[134/2503] Reading signal/signal_Ntuple_00133_job573389144_00.root
[135/2503] Reading signal/signal_Ntuple_00134_job573389145_00.root
[136/2503] Reading signal/signal_Ntuple_00135_job573389146_00.root
[137/2503] Reading signal/signal_Ntuple_00136_job573389147_00.root
[138/2503] Reading signal/signal_Ntuple_00137_job573389148_00.root
[139/2503] Reading signal/signal_Ntuple_00138_job573389149_00.root
[140/2503] Reading signal/signal_Ntuple_00139_job573389150_00.root
[141/2503] Reading signal/signal_Ntuple_00140_job573389151_00.root
[142/2503] Reading signal/signal_Ntuple_00141_job573389152_00.root
[143/2503] Reading signal/signal_Ntuple_00142_job573389153_00.root
[144/2503] Reading signal/signal_Ntuple_00143_job573389154_00.root
[145/2503] Reading signal/signal_Ntuple_00144_job573389155_00.root
[146/2503] Reading signal/signal_Ntuple_00145_job573389156_00.root
[147/2503] Reading signal/signal_Ntuple_00146_job573389157_00.root
[148/2503] Reading signal/signal_Ntuple_00147_job573389158_00.root
[149/2503] Reading signal/signal_Ntuple_00148_job573389159_00.root
[150/2503] Reading signal/signal_Ntuple_00149_job573389160_00.root
[151/2503] Reading signal/signal_Ntuple_00150_job573389161_00.root
[152/2503] Reading signal/signal_Ntuple_00151_job573389162_00.root
[153/2503] Reading signal/signal_Ntuple_00152_job573389163_00.root
[154/2503] Reading signal/signal_Ntuple_00153_job573389164_00.root
[155/2503] Reading signal/signal_Ntuple_00154_job573389165_00.root
[156/2503] Reading signal/signal_Ntuple_00155_job573389166_00.root
[157/2503] Reading signal/signal_Ntuple_00156_job573389167_00.root
[158/2503] Reading signal/signal_Ntuple_00157_job573389168_00.root
[159/2503] Reading signal/signal_Ntuple_00158_job573389169_00.root
[160/2503] Reading signal/signal_Ntuple_00159_job573389170_00.root
[161/2503] Reading signal/signal_Ntuple_00160_job573389171_00.root
[162/2503] Reading signal/signal_Ntuple_00161_job573389172_00.root
[163/2503] Reading signal/signal_Ntuple_00162_job573389173_00.root
[164/2503] Reading signal/signal_Ntuple_00163_job573389174_00.root
[165/2503] Reading signal/signal_Ntuple_00164_job573389175_00.root
[166/2503] Reading signal/signal_Ntuple_00165_job573389176_00.root
[167/2503] Reading signal/signal_Ntuple_00166_job573389177_00.root
[168/2503] Reading signal/signal_Ntuple_00167_job573389178_00.root
[169/2503] Reading signal/signal_Ntuple_00168_job573389179_00.root
[170/2503] Reading signal/signal_Ntuple_00169_job573389180_00.root
[171/2503] Reading signal/signal_Ntuple_00170_job573389181_00.root
[172/2503] Reading signal/signal_Ntuple_00171_job573389182_00.root
[173/2503] Reading signal/signal_Ntuple_00172_job573389183_00.root
[174/2503] Reading signal/signal_Ntuple_00173_job573389184_00.root
[175/2503] Reading signal/signal_Ntuple_00174_job573389185_00.root
[176/2503] Reading signal/signal_Ntuple_00175_job573389186_00.root
[177/2503] Reading signal/signal_Ntuple_00176_job573389187_00.root
[178/2503] Reading signal/signal_Ntuple_00177_job573389188_00.root
[179/2503] Reading signal/signal_Ntuple_00178_job573389189_00.root
[180/2503] Reading signal/signal_Ntuple_00179_job573389190_00.root
[181/2503] Reading signal/signal_Ntuple_00180_job573389191_00.root
[182/2503] Reading signal/signal_Ntuple_00181_job573389192_00.root
[183/2503] Reading signal/signal_Ntuple_00182_job573389193_00.root
[184/2503] Reading signal/signal_Ntuple_00183_job573389194_00.root
[185/2503] Reading signal/signal_Ntuple_00184_job573389195_00.root
[186/2503] Reading signal/signal_Ntuple_00185_job573389196_00.root
[187/2503] Reading signal/signal_Ntuple_00186_job573389197_00.root
[188/2503] Reading signal/signal_Ntuple_00187_job573389198_00.root
[189/2503] Reading signal/signal_Ntuple_00188_job573389199_00.root
[190/2503] Reading signal/signal_Ntuple_00189_job573389200_00.root
[191/2503] Reading signal/signal_Ntuple_00190_job573389201_00.root
[192/2503] Reading signal/signal_Ntuple_00191_job573389202_00.root
[193/2503] Reading signal/signal_Ntuple_00192_job573389203_00.root
[194/2503] Reading signal/signal_Ntuple_00193_job573389204_00.root
[195/2503] Reading signal/signal_Ntuple_00194_job573389205_00.root
[196/2503] Reading signal/signal_Ntuple_00195_job573389206_00.root
[197/2503] Reading signal/signal_Ntuple_00196_job573389207_00.root
[198/2503] Reading signal/signal_Ntuple_00197_job573389208_00.root
[199/2503] Reading signal/signal_Ntuple_00198_job573389209_00.root
[200/2503] Reading signal/signal_Ntuple_00199_job573389210_00.root
[201/2503] Reading signal/signal_Ntuple_00200_job573389211_00.root
[202/2503] Reading signal/signal_Ntuple_00201_job573389212_00.root
[203/2503] Reading signal/signal_Ntuple_00202_job573389213_00.root
[204/2503] Reading signal/signal_Ntuple_00203_job573389214_00.root
[205/2503] Reading signal/signal_Ntuple_00204_job573389215_00.root
[206/2503] Reading signal/signal_Ntuple_00205_job573389216_00.root
[207/2503] Reading signal/signal_Ntuple_00206_job573389217_00.root
[208/2503] Reading signal/signal_Ntuple_00207_job573389218_00.root
[209/2503] Reading signal/signal_Ntuple_00208_job573389219_00.root
[210/2503] Reading signal/signal_Ntuple_00209_job573389220_00.root
[211/2503] Reading signal/signal_Ntuple_00210_job573389221_00.root
[212/2503] Reading signal/signal_Ntuple_00211_job573389222_00.root
[213/2503] Reading signal/signal_Ntuple_00212_job573389223_00.root
[214/2503] Reading signal/signal_Ntuple_00213_job573389224_00.root
[215/2503] Reading signal/signal_Ntuple_00214_job573389225_00.root
[216/2503] Reading signal/signal_Ntuple_00215_job573389226_00.root
[217/2503] Reading signal/signal_Ntuple_00216_job573389227_00.root
[218/2503] Reading signal/signal_Ntuple_00217_job573389228_00.root
[219/2503] Reading signal/signal_Ntuple_00218_job573389229_00.root
[220/2503] Reading signal/signal_Ntuple_00219_job573389230_00.root
[221/2503] Reading signal/signal_Ntuple_00220_job573389231_00.root
[222/2503] Reading signal/signal_Ntuple_00221_job573389232_00.root
[223/2503] Reading signal/signal_Ntuple_00222_job573389233_00.root
[224/2503] Reading signal/signal_Ntuple_00223_job573389234_00.root
[225/2503] Reading signal/signal_Ntuple_00224_job573389235_00.root
[226/2503] Reading signal/signal_Ntuple_00225_job573389236_00.root
[227/2503] Reading signal/signal_Ntuple_00226_job573389237_00.root
[228/2503] Reading signal/signal_Ntuple_00227_job573389238_00.root
[229/2503] Reading signal/signal_Ntuple_00228_job573389239_00.root
[230/2503] Reading signal/signal_Ntuple_00229_job573389240_00.root
[231/2503] Reading signal/signal_Ntuple_00230_job573389241_00.root
[232/2503] Reading signal/signal_Ntuple_00231_job573389242_00.root
[233/2503] Reading signal/signal_Ntuple_00232_job573389243_00.root
[234/2503] Reading signal/signal_Ntuple_00233_job573389244_00.root
[235/2503] Reading signal/signal_Ntuple_00234_job573389245_00.root
[236/2503] Reading signal/signal_Ntuple_00235_job573389246_00.root
[237/2503] Reading signal/signal_Ntuple_00236_job573389247_00.root
[238/2503] Reading signal/signal_Ntuple_00237_job573389248_00.root
[239/2503] Reading signal/signal_Ntuple_00238_job573389249_00.root
[240/2503] Reading signal/signal_Ntuple_00239_job573389250_00.root
[241/2503] Reading signal/signal_Ntuple_00240_job573389251_00.root
[242/2503] Reading signal/signal_Ntuple_00241_job573389252_00.root
[243/2503] Reading signal/signal_Ntuple_00242_job573389253_00.root
[244/2503] Reading signal/signal_Ntuple_00243_job573389254_00.root
[245/2503] Reading signal/signal_Ntuple_00244_job573389255_00.root
[246/2503] Reading signal/signal_Ntuple_00245_job573389256_00.root
[247/2503] Reading signal/signal_Ntuple_00246_job573389257_00.root
[248/2503] Reading signal/signal_Ntuple_00247_job573389258_00.root
[249/2503] Reading signal/signal_Ntuple_00248_job573389259_00.root
[250/2503] Reading signal/signal_Ntuple_00249_job573389260_00.root
[251/2503] Reading signal/signal_Ntuple_00250_job573389261_00.root
[252/2503] Reading signal/signal_Ntuple_00251_job573389262_00.root
[253/2503] Reading signal/signal_Ntuple_00252_job573389263_00.root
[254/2503] Reading signal/signal_Ntuple_00253_job573389264_00.root
[255/2503] Reading signal/signal_Ntuple_00254_job573389265_00.root
[256/2503] Reading signal/signal_Ntuple_00255_job573389266_00.root
[257/2503] Reading signal/signal_Ntuple_00256_job573389267_00.root
[258/2503] Reading signal/signal_Ntuple_00257_job573389268_00.root
[259/2503] Reading signal/signal_Ntuple_00258_job573389269_00.root
[260/2503] Reading signal/signal_Ntuple_00259_job573389270_00.root
[261/2503] Reading signal/signal_Ntuple_00260_job573389271_00.root
[262/2503] Reading signal/signal_Ntuple_00261_job573389272_00.root
[263/2503] Reading signal/signal_Ntuple_00262_job573389273_00.root
[264/2503] Reading signal/signal_Ntuple_00263_job573389274_00.root
[265/2503] Reading signal/signal_Ntuple_00264_job573389275_00.root
[266/2503] Reading signal/signal_Ntuple_00265_job573389276_00.root
[267/2503] Reading signal/signal_Ntuple_00266_job573389277_00.root
[268/2503] Reading signal/signal_Ntuple_00267_job573389278_00.root
[269/2503] Reading signal/signal_Ntuple_00268_job573389279_00.root
[270/2503] Reading signal/signal_Ntuple_00269_job573389280_00.root
[271/2503] Reading signal/signal_Ntuple_00270_job573389281_00.root
[272/2503] Reading signal/signal_Ntuple_00271_job573389282_00.root
[273/2503] Reading signal/signal_Ntuple_00272_job573389283_00.root
[274/2503] Reading signal/signal_Ntuple_00273_job573389284_00.root
[275/2503] Reading signal/signal_Ntuple_00274_job573389285_00.root
[276/2503] Reading signal/signal_Ntuple_00275_job573389286_00.root
[277/2503] Reading signal/signal_Ntuple_00276_job573389287_00.root
[278/2503] Reading signal/signal_Ntuple_00277_job573389288_00.root
[279/2503] Reading signal/signal_Ntuple_00278_job573389289_00.root
[280/2503] Reading signal/signal_Ntuple_00279_job573389290_00.root
[281/2503] Reading signal/signal_Ntuple_00280_job573389291_00.root
[282/2503] Reading signal/signal_Ntuple_00281_job573389292_00.root
[283/2503] Reading signal/signal_Ntuple_00282_job573389293_00.root
[284/2503] Reading signal/signal_Ntuple_00283_job573389294_00.root
[285/2503] Reading signal/signal_Ntuple_00284_job573389295_00.root
[286/2503] Reading signal/signal_Ntuple_00285_job573389296_00.root
[287/2503] Reading signal/signal_Ntuple_00286_job573389297_00.root
[288/2503] Reading signal/signal_Ntuple_00287_job573389298_00.root
[289/2503] Reading signal/signal_Ntuple_00288_job573389299_00.root
[290/2503] Reading signal/signal_Ntuple_00289_job573389300_00.root
[291/2503] Reading signal/signal_Ntuple_00290_job573389301_00.root
[292/2503] Reading signal/signal_Ntuple_00291_job573389302_00.root
[293/2503] Reading signal/signal_Ntuple_00292_job573389303_00.root
[294/2503] Reading signal/signal_Ntuple_00293_job573389304_00.root
[295/2503] Reading signal/signal_Ntuple_00294_job573389305_00.root
[296/2503] Reading signal/signal_Ntuple_00295_job573389306_00.root
[297/2503] Reading signal/signal_Ntuple_00296_job573389307_00.root
[298/2503] Reading signal/signal_Ntuple_00297_job573389308_00.root
[299/2503] Reading signal/signal_Ntuple_00298_job573389309_00.root
[300/2503] Reading signal/signal_Ntuple_00299_job573389310_00.root
[301/2503] Reading signal/signal_Ntuple_00300_job573389311_00.root
[302/2503] Reading signal/signal_Ntuple_00301_job573389312_00.root
[303/2503] Reading signal/signal_Ntuple_00302_job573389313_00.root
[304/2503] Reading signal/signal_Ntuple_00303_job573389314_00.root
[305/2503] Reading signal/signal_Ntuple_00304_job573389315_00.root
[306/2503] Reading signal/signal_Ntuple_00305_job573389316_00.root
[307/2503] Reading signal/signal_Ntuple_00306_job573389317_00.root
[308/2503] Reading signal/signal_Ntuple_00307_job573389318_00.root
[309/2503] Reading signal/signal_Ntuple_00308_job573389319_00.root
[310/2503] Reading signal/signal_Ntuple_00309_job573389320_00.root
[311/2503] Reading signal/signal_Ntuple_00310_job573389321_00.root
[312/2503] Reading signal/signal_Ntuple_00311_job573389322_00.root
[313/2503] Reading signal/signal_Ntuple_00312_job573389323_00.root
[314/2503] Reading signal/signal_Ntuple_00313_job573389324_00.root
[315/2503] Reading signal/signal_Ntuple_00314_job573389325_00.root
[316/2503] Reading signal/signal_Ntuple_00315_job573389326_00.root
[317/2503] Reading signal/signal_Ntuple_00316_job573389327_00.root
[318/2503] Reading signal/signal_Ntuple_00317_job573389328_00.root
[319/2503] Reading signal/signal_Ntuple_00318_job573389329_00.root
[320/2503] Reading signal/signal_Ntuple_00319_job573389330_00.root
[321/2503] Reading signal/signal_Ntuple_00320_job573389331_00.root
[322/2503] Reading signal/signal_Ntuple_00321_job573389332_00.root
[323/2503] Reading signal/signal_Ntuple_00322_job573389333_00.root
[324/2503] Reading signal/signal_Ntuple_00323_job573389334_00.root
[325/2503] Reading signal/signal_Ntuple_00324_job573389335_00.root
[326/2503] Reading signal/signal_Ntuple_00325_job573389336_00.root
[327/2503] Reading signal/signal_Ntuple_00326_job573389337_00.root
[328/2503] Reading signal/signal_Ntuple_00327_job573389338_00.root
[329/2503] Reading signal/signal_Ntuple_00328_job573389339_00.root
[330/2503] Reading signal/signal_Ntuple_00329_job573389340_00.root
[331/2503] Reading signal/signal_Ntuple_00330_job573389341_00.root
[332/2503] Reading signal/signal_Ntuple_00331_job573389342_00.root
[333/2503] Reading signal/signal_Ntuple_00332_job573389343_00.root
[334/2503] Reading signal/signal_Ntuple_00333_job573389344_00.root
[335/2503] Reading signal/signal_Ntuple_00334_job573389345_00.root
[336/2503] Reading signal/signal_Ntuple_00335_job573389346_00.root
[337/2503] Reading signal/signal_Ntuple_00336_job573389347_00.root
[338/2503] Reading signal/signal_Ntuple_00337_job573389348_00.root
[339/2503] Reading signal/signal_Ntuple_00338_job573389349_00.root
[340/2503] Reading signal/signal_Ntuple_00339_job573389350_00.root
[341/2503] Reading signal/signal_Ntuple_00340_job573389351_00.root
[342/2503] Reading signal/signal_Ntuple_00341_job573389352_00.root
[343/2503] Reading signal/signal_Ntuple_00342_job573389353_00.root
[344/2503] Reading signal/signal_Ntuple_00343_job573389354_00.root
[345/2503] Reading signal/signal_Ntuple_00344_job573389355_00.root
[346/2503] Reading signal/signal_Ntuple_00345_job573389356_00.root
[347/2503] Reading signal/signal_Ntuple_00346_job573389357_00.root
[348/2503] Reading signal/signal_Ntuple_00347_job573389358_00.root
[349/2503] Reading signal/signal_Ntuple_00348_job573389359_00.root
[350/2503] Reading signal/signal_Ntuple_00349_job573389360_00.root
[351/2503] Reading signal/signal_Ntuple_00350_job573389361_00.root
[352/2503] Reading signal/signal_Ntuple_00351_job573389362_00.root
[353/2503] Reading signal/signal_Ntuple_00352_job573389363_00.root
[354/2503] Reading signal/signal_Ntuple_00353_job573389364_00.root
[355/2503] Reading signal/signal_Ntuple_00354_job573389365_00.root
[356/2503] Reading signal/signal_Ntuple_00355_job573389366_00.root
[357/2503] Reading signal/signal_Ntuple_00356_job573389367_00.root
[358/2503] Reading signal/signal_Ntuple_00357_job573389368_00.root
[359/2503] Reading signal/signal_Ntuple_00358_job573389369_00.root
[360/2503] Reading signal/signal_Ntuple_00359_job573389370_00.root
[361/2503] Reading signal/signal_Ntuple_00360_job573389371_00.root
[362/2503] Reading signal/signal_Ntuple_00361_job573389372_00.root
[363/2503] Reading signal/signal_Ntuple_00362_job573389373_00.root
[364/2503] Reading signal/signal_Ntuple_00363_job573389374_00.root
[365/2503] Reading signal/signal_Ntuple_00364_job573389375_00.root
[366/2503] Reading signal/signal_Ntuple_00365_job573389376_00.root
[367/2503] Reading signal/signal_Ntuple_00366_job573389377_00.root
[368/2503] Reading signal/signal_Ntuple_00367_job573389378_00.root
[369/2503] Reading signal/signal_Ntuple_00368_job573389379_00.root
[370/2503] Reading signal/signal_Ntuple_00369_job573389380_00.root
[371/2503] Reading signal/signal_Ntuple_00370_job573389381_00.root
[372/2503] Reading signal/signal_Ntuple_00371_job573389382_00.root
[373/2503] Reading signal/signal_Ntuple_00372_job573389383_00.root
[374/2503] Reading signal/signal_Ntuple_00373_job573389384_00.root
[375/2503] Reading signal/signal_Ntuple_00374_job573389385_00.root
[376/2503] Reading signal/signal_Ntuple_00375_job573389386_00.root
[377/2503] Reading signal/signal_Ntuple_00376_job573389387_00.root
[378/2503] Reading signal/signal_Ntuple_00377_job573389388_00.root
[379/2503] Reading signal/signal_Ntuple_00378_job573389389_00.root
[380/2503] Reading signal/signal_Ntuple_00379_job573389390_00.root
[381/2503] Reading signal/signal_Ntuple_00380_job573389391_00.root
[382/2503] Reading signal/signal_Ntuple_00381_job573389392_00.root
[383/2503] Reading signal/signal_Ntuple_00382_job573389393_00.root
[384/2503] Reading signal/signal_Ntuple_00383_job573389394_00.root
[385/2503] Reading signal/signal_Ntuple_00384_job573389395_00.root
[386/2503] Reading signal/signal_Ntuple_00385_job573389396_00.root
[387/2503] Reading signal/signal_Ntuple_00386_job573389397_00.root
[388/2503] Reading signal/signal_Ntuple_00387_job573389398_00.root
[389/2503] Reading signal/signal_Ntuple_00388_job573389399_00.root
[390/2503] Reading signal/signal_Ntuple_00389_job573389400_00.root
[391/2503] Reading signal/signal_Ntuple_00390_job573389401_00.root
[392/2503] Reading signal/signal_Ntuple_00391_job573389402_00.root
[393/2503] Reading signal/signal_Ntuple_00392_job573389403_00.root
[394/2503] Reading signal/signal_Ntuple_00393_job573389404_00.root
[395/2503] Reading signal/signal_Ntuple_00394_job573389405_00.root
[396/2503] Reading signal/signal_Ntuple_00395_job573389406_00.root
[397/2503] Reading signal/signal_Ntuple_00396_job573389407_00.root
[398/2503] Reading signal/signal_Ntuple_00397_job573389408_00.root
[399/2503] Reading signal/signal_Ntuple_00398_job573389409_00.root
[400/2503] Reading signal/signal_Ntuple_00399_job573389410_00.root
[401/2503] Reading signal/signal_Ntuple_00400_job573389411_00.root
[402/2503] Reading signal/signal_Ntuple_00401_job573389412_00.root
[403/2503] Reading signal/signal_Ntuple_00402_job573389413_00.root
[404/2503] Reading signal/signal_Ntuple_00403_job573389414_00.root
[405/2503] Reading signal/signal_Ntuple_00404_job573389415_00.root
[406/2503] Reading signal/signal_Ntuple_00405_job573389416_00.root
[407/2503] Reading signal/signal_Ntuple_00406_job573389417_00.root
[408/2503] Reading signal/signal_Ntuple_00407_job573389418_00.root
[409/2503] Reading signal/signal_Ntuple_00408_job573389419_00.root
[410/2503] Reading signal/signal_Ntuple_00409_job573389420_00.root
[411/2503] Reading signal/signal_Ntuple_00410_job573389421_00.root
[412/2503] Reading signal/signal_Ntuple_00411_job573389422_00.root
[413/2503] Reading signal/signal_Ntuple_00412_job573389423_00.root
[414/2503] Reading signal/signal_Ntuple_00413_job573389424_00.root
[415/2503] Reading signal/signal_Ntuple_00414_job573389425_00.root
[416/2503] Reading signal/signal_Ntuple_00415_job573389426_00.root
[417/2503] Reading signal/signal_Ntuple_00416_job573389427_00.root
[418/2503] Reading signal/signal_Ntuple_00417_job573389428_00.root
[419/2503] Reading signal/signal_Ntuple_00418_job573389429_00.root
[420/2503] Reading signal/signal_Ntuple_00419_job573389430_00.root
[421/2503] Reading signal/signal_Ntuple_00420_job573389431_00.root
[422/2503] Reading signal/signal_Ntuple_00421_job573389432_00.root
[423/2503] Reading signal/signal_Ntuple_00422_job573389433_00.root
[424/2503] Reading signal/signal_Ntuple_00423_job573389434_00.root
[425/2503] Reading signal/signal_Ntuple_00424_job573389435_00.root
[426/2503] Reading signal/signal_Ntuple_00425_job573389436_00.root
[427/2503] Reading signal/signal_Ntuple_00426_job573389437_00.root
[428/2503] Reading signal/signal_Ntuple_00427_job573389438_00.root
[429/2503] Reading signal/signal_Ntuple_00428_job573389439_00.root
[430/2503] Reading signal/signal_Ntuple_00429_job573389440_00.root
[431/2503] Reading signal/signal_Ntuple_00430_job573389441_00.root
[432/2503] Reading signal/signal_Ntuple_00431_job573389442_00.root
[433/2503] Reading signal/signal_Ntuple_00432_job573389443_00.root
[434/2503] Reading signal/signal_Ntuple_00433_job573389444_00.root
[435/2503] Reading signal/signal_Ntuple_00434_job573389445_00.root
[436/2503] Reading signal/signal_Ntuple_00435_job573389446_00.root
[437/2503] Reading signal/signal_Ntuple_00436_job573389447_00.root
[438/2503] Reading signal/signal_Ntuple_00437_job573389448_00.root
[439/2503] Reading signal/signal_Ntuple_00438_job573389449_00.root
[440/2503] Reading signal/signal_Ntuple_00439_job573389450_00.root
[441/2503] Reading signal/signal_Ntuple_00440_job573389451_00.root
[442/2503] Reading signal/signal_Ntuple_00441_job573389452_00.root
[443/2503] Reading signal/signal_Ntuple_00442_job573389453_00.root
[444/2503] Reading signal/signal_Ntuple_00443_job573389454_00.root
[445/2503] Reading signal/signal_Ntuple_00444_job573389455_00.root
[446/2503] Reading signal/signal_Ntuple_00445_job573389456_00.root
[447/2503] Reading signal/signal_Ntuple_00446_job573389457_00.root
[448/2503] Reading signal/signal_Ntuple_00447_job573389458_00.root
[449/2503] Reading signal/signal_Ntuple_00448_job573389459_00.root
[450/2503] Reading signal/signal_Ntuple_00449_job573389460_00.root
[451/2503] Reading signal/signal_Ntuple_00450_job573389461_00.root
[452/2503] Reading signal/signal_Ntuple_00451_job573389462_00.root
[453/2503] Reading signal/signal_Ntuple_00452_job573389463_00.root
[454/2503] Reading signal/signal_Ntuple_00453_job573389464_00.root
[455/2503] Reading signal/signal_Ntuple_00454_job573389465_00.root
[456/2503] Reading signal/signal_Ntuple_00455_job573389466_00.root
[457/2503] Reading signal/signal_Ntuple_00456_job573389467_00.root
[458/2503] Reading signal/signal_Ntuple_00457_job573389468_00.root
[459/2503] Reading signal/signal_Ntuple_00458_job573389469_00.root
[460/2503] Reading signal/signal_Ntuple_00459_job573389470_00.root
[461/2503] Reading signal/signal_Ntuple_00460_job573389471_00.root
[462/2503] Reading signal/signal_Ntuple_00461_job573389472_00.root
[463/2503] Reading signal/signal_Ntuple_00462_job573389473_00.root
[464/2503] Reading signal/signal_Ntuple_00463_job573389474_00.root
[465/2503] Reading signal/signal_Ntuple_00464_job573389475_00.root
[466/2503] Reading signal/signal_Ntuple_00465_job573389476_00.root
[467/2503] Reading signal/signal_Ntuple_00466_job573389477_00.root
[468/2503] Reading signal/signal_Ntuple_00467_job573389478_00.root
[469/2503] Reading signal/signal_Ntuple_00468_job573389479_00.root
[470/2503] Reading signal/signal_Ntuple_00469_job573389480_00.root
[471/2503] Reading signal/signal_Ntuple_00470_job573389481_00.root
[472/2503] Reading signal/signal_Ntuple_00471_job573389482_00.root
[473/2503] Reading signal/signal_Ntuple_00472_job573389483_00.root
[474/2503] Reading signal/signal_Ntuple_00473_job573389484_00.root
[475/2503] Reading signal/signal_Ntuple_00474_job573389485_00.root
[476/2503] Reading signal/signal_Ntuple_00475_job573389486_00.root
[477/2503] Reading signal/signal_Ntuple_00476_job573389487_00.root
[478/2503] Reading signal/signal_Ntuple_00477_job573389488_00.root
[479/2503] Reading signal/signal_Ntuple_00478_job573389489_00.root
[480/2503] Reading signal/signal_Ntuple_00479_job573389490_00.root
[481/2503] Reading signal/signal_Ntuple_00480_job573389491_00.root
[482/2503] Reading signal/signal_Ntuple_00481_job573389492_00.root
[483/2503] Reading signal/signal_Ntuple_00482_job573389493_00.root
[484/2503] Reading signal/signal_Ntuple_00483_job573389494_00.root
[485/2503] Reading signal/signal_Ntuple_00484_job573389495_00.root
[486/2503] Reading signal/signal_Ntuple_00485_job573389496_00.root
[487/2503] Reading signal/signal_Ntuple_00486_job573389497_00.root
[488/2503] Reading signal/signal_Ntuple_00487_job573389498_00.root
[489/2503] Reading signal/signal_Ntuple_00488_job573389499_00.root
[490/2503] Reading signal/signal_Ntuple_00489_job573389500_00.root
[491/2503] Reading signal/signal_Ntuple_00490_job573389501_00.root
[492/2503] Reading signal/signal_Ntuple_00491_job573389502_00.root
[493/2503] Reading signal/signal_Ntuple_00492_job573389503_00.root
[494/2503] Reading signal/signal_Ntuple_00493_job573389504_00.root
[495/2503] Reading signal/signal_Ntuple_00494_job573389505_00.root
[496/2503] Reading signal/signal_Ntuple_00495_job573389506_00.root
[497/2503] Reading signal/signal_Ntuple_00496_job573389507_00.root
[498/2503] Reading signal/signal_Ntuple_00497_job573389508_00.root
[499/2503] Reading signal/signal_Ntuple_00498_job573389509_00.root
[500/2503] Reading signal/signal_Ntuple_00499_job573389510_00.root
[501/2503] Reading signal/signal_Ntuple_00500_job573389511_00.root
[502/2503] Reading signal/signal_Ntuple_00501_job573389512_00.root
[503/2503] Reading signal/signal_Ntuple_00502_job573389513_00.root
[504/2503] Reading signal/signal_Ntuple_00503_job573389514_00.root
[505/2503] Reading signal/signal_Ntuple_00504_job573389515_00.root
[506/2503] Reading signal/signal_Ntuple_00505_job573389516_00.root
[507/2503] Reading signal/signal_Ntuple_00506_job573389517_00.root
[508/2503] Reading signal/signal_Ntuple_00507_job573389518_00.root
[509/2503] Reading signal/signal_Ntuple_00508_job573389519_00.root
[510/2503] Reading signal/signal_Ntuple_00509_job573389520_00.root
[511/2503] Reading signal/signal_Ntuple_00510_job573389521_00.root
[512/2503] Reading signal/signal_Ntuple_00511_job573389522_00.root
[513/2503] Reading signal/signal_Ntuple_00512_job573389523_00.root
[514/2503] Reading signal/signal_Ntuple_00513_job573389524_00.root
[515/2503] Reading signal/signal_Ntuple_00514_job573389525_00.root
[516/2503] Reading signal/signal_Ntuple_00515_job573389526_00.root
[517/2503] Reading signal/signal_Ntuple_00516_job573389527_00.root
[518/2503] Reading signal/signal_Ntuple_00517_job573389528_00.root
[519/2503] Reading signal/signal_Ntuple_00518_job573389529_00.root
[520/2503] Reading signal/signal_Ntuple_00519_job573389530_00.root
[521/2503] Reading signal/signal_Ntuple_00520_job573389531_00.root
[522/2503] Reading signal/signal_Ntuple_00521_job573389532_00.root
[523/2503] Reading signal/signal_Ntuple_00522_job573389533_00.root
[524/2503] Reading signal/signal_Ntuple_00523_job573389534_00.root
[525/2503] Reading signal/signal_Ntuple_00524_job573389535_00.root
[526/2503] Reading signal/signal_Ntuple_00525_job573389536_00.root
[527/2503] Reading signal/signal_Ntuple_00526_job573389537_00.root
[528/2503] Reading signal/signal_Ntuple_00527_job573389539_00.root
[529/2503] Reading signal/signal_Ntuple_00528_job573389540_00.root
[530/2503] Reading signal/signal_Ntuple_00529_job573389541_00.root
[531/2503] Reading signal/signal_Ntuple_00530_job573389542_00.root
[532/2503] Reading signal/signal_Ntuple_00531_job573389543_00.root
[533/2503] Reading signal/signal_Ntuple_00532_job573389544_00.root
[534/2503] Reading signal/signal_Ntuple_00533_job573389545_00.root
[535/2503] Reading signal/signal_Ntuple_00534_job573389546_00.root
[536/2503] Reading signal/signal_Ntuple_00535_job573389547_00.root
[537/2503] Reading signal/signal_Ntuple_00536_job573389548_00.root
[538/2503] Reading signal/signal_Ntuple_00537_job573389549_00.root
[539/2503] Reading signal/signal_Ntuple_00538_job573389550_00.root
[540/2503] Reading signal/signal_Ntuple_00539_job573389551_00.root
[541/2503] Reading signal/signal_Ntuple_00540_job573389552_00.root
[542/2503] Reading signal/signal_Ntuple_00541_job573389553_00.root
[543/2503] Reading signal/signal_Ntuple_00542_job573389555_00.root
[544/2503] Reading signal/signal_Ntuple_00543_job573389556_00.root
[545/2503] Reading signal/signal_Ntuple_00544_job573389557_00.root
[546/2503] Reading signal/signal_Ntuple_00545_job573389558_00.root
[547/2503] Reading signal/signal_Ntuple_00546_job573389559_00.root
[548/2503] Reading signal/signal_Ntuple_00547_job573389560_00.root
[549/2503] Reading signal/signal_Ntuple_00548_job573389561_00.root
[550/2503] Reading signal/signal_Ntuple_00549_job573389562_00.root
[551/2503] Reading signal/signal_Ntuple_00550_job573389563_00.root
[552/2503] Reading signal/signal_Ntuple_00551_job573389564_00.root
[553/2503] Reading signal/signal_Ntuple_00552_job573389565_00.root
[554/2503] Reading signal/signal_Ntuple_00553_job573389566_00.root
[555/2503] Reading signal/signal_Ntuple_00554_job573389567_00.root
[556/2503] Reading signal/signal_Ntuple_00555_job573389568_00.root
[557/2503] Reading signal/signal_Ntuple_00556_job573389569_00.root
[558/2503] Reading signal/signal_Ntuple_00557_job573389571_00.root
[559/2503] Reading signal/signal_Ntuple_00558_job573389572_00.root
[560/2503] Reading signal/signal_Ntuple_00559_job573389573_00.root
[561/2503] Reading signal/signal_Ntuple_00560_job573389574_00.root
[562/2503] Reading signal/signal_Ntuple_00561_job573389575_00.root
[563/2503] Reading signal/signal_Ntuple_00562_job573389576_00.root
[564/2503] Reading signal/signal_Ntuple_00563_job573389577_00.root
[565/2503] Reading signal/signal_Ntuple_00564_job573389578_00.root
[566/2503] Reading signal/signal_Ntuple_00565_job573389579_00.root
[567/2503] Reading signal/signal_Ntuple_00566_job573389580_00.root
[568/2503] Reading signal/signal_Ntuple_00567_job573389581_00.root
[569/2503] Reading signal/signal_Ntuple_00568_job573389582_00.root
[570/2503] Reading signal/signal_Ntuple_00569_job573389583_00.root
[571/2503] Reading signal/signal_Ntuple_00570_job573389584_00.root
[572/2503] Reading signal/signal_Ntuple_00571_job573389585_00.root
[573/2503] Reading signal/signal_Ntuple_00572_job573389586_00.root
[574/2503] Reading signal/signal_Ntuple_00573_job573389588_00.root
[575/2503] Reading signal/signal_Ntuple_00574_job573389589_00.root
[576/2503] Reading signal/signal_Ntuple_00575_job573389590_00.root
[577/2503] Reading signal/signal_Ntuple_00576_job573389591_00.root
[578/2503] Reading signal/signal_Ntuple_00577_job573389592_00.root
[579/2503] Reading signal/signal_Ntuple_00578_job573389593_00.root
[580/2503] Reading signal/signal_Ntuple_00579_job573389594_00.root
[581/2503] Reading signal/signal_Ntuple_00580_job573389595_00.root
[582/2503] Reading signal/signal_Ntuple_00581_job573389596_00.root
[583/2503] Reading signal/signal_Ntuple_00582_job573389597_00.root
[584/2503] Reading signal/signal_Ntuple_00583_job573389598_00.root
[585/2503] Reading signal/signal_Ntuple_00584_job573389599_00.root
[586/2503] Reading signal/signal_Ntuple_00585_job573389600_00.root
[587/2503] Reading signal/signal_Ntuple_00586_job573389601_00.root
[588/2503] Reading signal/signal_Ntuple_00587_job573389603_00.root
[589/2503] Reading signal/signal_Ntuple_00588_job573389604_00.root
[590/2503] Reading signal/signal_Ntuple_00589_job573389605_00.root
[591/2503] Reading signal/signal_Ntuple_00590_job573389606_00.root
[592/2503] Reading signal/signal_Ntuple_00591_job573389607_00.root
[593/2503] Reading signal/signal_Ntuple_00592_job573389608_00.root
[594/2503] Reading signal/signal_Ntuple_00593_job573389609_00.root
[595/2503] Reading signal/signal_Ntuple_00594_job573389610_00.root
[596/2503] Reading signal/signal_Ntuple_00595_job573389611_00.root
[597/2503] Reading signal/signal_Ntuple_00596_job573389612_00.root
[598/2503] Reading signal/signal_Ntuple_00597_job573389613_00.root
[599/2503] Reading signal/signal_Ntuple_00598_job573389614_00.root
[600/2503] Reading signal/signal_Ntuple_00599_job573389615_00.root
[601/2503] Reading signal/signal_Ntuple_00600_job573389616_00.root
[602/2503] Reading signal/signal_Ntuple_00601_job573389618_00.root
[603/2503] Reading signal/signal_Ntuple_00602_job573389619_00.root
[604/2503] Reading signal/signal_Ntuple_00603_job573389620_00.root
[605/2503] Reading signal/signal_Ntuple_00604_job573389621_00.root
[606/2503] Reading signal/signal_Ntuple_00605_job573389622_00.root
[607/2503] Reading signal/signal_Ntuple_00606_job573389623_00.root
[608/2503] Reading signal/signal_Ntuple_00607_job573389624_00.root
[609/2503] Reading signal/signal_Ntuple_00608_job573389625_00.root
[610/2503] Reading signal/signal_Ntuple_00609_job573389626_00.root
[611/2503] Reading signal/signal_Ntuple_00610_job573389627_00.root
[612/2503] Reading signal/signal_Ntuple_00611_job573389628_00.root
[613/2503] Reading signal/signal_Ntuple_00612_job573389629_00.root
[614/2503] Reading signal/signal_Ntuple_00613_job573389630_00.root
[615/2503] Reading signal/signal_Ntuple_00614_job573389631_00.root
[616/2503] Reading signal/signal_Ntuple_00615_job573389632_00.root
[617/2503] Reading signal/signal_Ntuple_00616_job573389633_00.root
[618/2503] Reading signal/signal_Ntuple_00617_job573389634_00.root
[619/2503] Reading signal/signal_Ntuple_00618_job573389636_00.root
[620/2503] Reading signal/signal_Ntuple_00619_job573389637_00.root
[621/2503] Reading signal/signal_Ntuple_00620_job573389638_00.root
[622/2503] Reading signal/signal_Ntuple_00621_job573389639_00.root
[623/2503] Reading signal/signal_Ntuple_00622_job573389640_00.root
[624/2503] Reading signal/signal_Ntuple_00623_job573389641_00.root
[625/2503] Reading signal/signal_Ntuple_00624_job573389642_00.root
[626/2503] Reading signal/signal_Ntuple_00625_job573389643_00.root
[627/2503] Reading signal/signal_Ntuple_00626_job573389644_00.root
[628/2503] Reading signal/signal_Ntuple_00627_job573389645_00.root
[629/2503] Reading signal/signal_Ntuple_00628_job573389646_00.root
[630/2503] Reading signal/signal_Ntuple_00629_job573389647_00.root
[631/2503] Reading signal/signal_Ntuple_00630_job573389648_00.root
[632/2503] Reading signal/signal_Ntuple_00631_job573389649_00.root
[633/2503] Reading signal/signal_Ntuple_00632_job573389651_00.root
[634/2503] Reading signal/signal_Ntuple_00633_job573389652_00.root
[635/2503] Reading signal/signal_Ntuple_00634_job573389653_00.root
[636/2503] Reading signal/signal_Ntuple_00635_job573389654_00.root
[637/2503] Reading signal/signal_Ntuple_00636_job573389655_00.root
[638/2503] Reading signal/signal_Ntuple_00637_job573389656_00.root
[639/2503] Reading signal/signal_Ntuple_00638_job573389657_00.root
[640/2503] Reading signal/signal_Ntuple_00639_job573389658_00.root
[641/2503] Reading signal/signal_Ntuple_00640_job573389659_00.root
[642/2503] Reading signal/signal_Ntuple_00641_job573389660_00.root
[643/2503] Reading signal/signal_Ntuple_00642_job573389661_00.root
[644/2503] Reading signal/signal_Ntuple_00643_job573389662_00.root
[645/2503] Reading signal/signal_Ntuple_00644_job573389663_00.root
[646/2503] Reading signal/signal_Ntuple_00645_job573389664_00.root
[647/2503] Reading signal/signal_Ntuple_00646_job573389665_00.root
[648/2503] Reading signal/signal_Ntuple_00647_job573389667_00.root
[649/2503] Reading signal/signal_Ntuple_00648_job573389668_00.root
[650/2503] Reading signal/signal_Ntuple_00649_job573389669_00.root
[651/2503] Reading signal/signal_Ntuple_00650_job573389670_00.root
[652/2503] Reading signal/signal_Ntuple_00651_job573389671_00.root
[653/2503] Reading signal/signal_Ntuple_00652_job573389672_00.root
[654/2503] Reading signal/signal_Ntuple_00653_job573389673_00.root
[655/2503] Reading signal/signal_Ntuple_00654_job573389674_00.root
[656/2503] Reading signal/signal_Ntuple_00655_job573389675_00.root
[657/2503] Reading signal/signal_Ntuple_00656_job573389676_00.root
[658/2503] Reading signal/signal_Ntuple_00657_job573389677_00.root
[659/2503] Reading signal/signal_Ntuple_00658_job573389678_00.root
[660/2503] Reading signal/signal_Ntuple_00659_job573389680_00.root
[661/2503] Reading signal/signal_Ntuple_00660_job573389681_00.root
[662/2503] Reading signal/signal_Ntuple_00661_job573389682_00.root
[663/2503] Reading signal/signal_Ntuple_00662_job573389683_00.root
[664/2503] Reading signal/signal_Ntuple_00663_job573389684_00.root
[665/2503] Reading signal/signal_Ntuple_00664_job573389685_00.root
[666/2503] Reading signal/signal_Ntuple_00665_job573389686_00.root
[667/2503] Reading signal/signal_Ntuple_00666_job573389687_00.root
[668/2503] Reading signal/signal_Ntuple_00667_job573389688_00.root
[669/2503] Reading signal/signal_Ntuple_00668_job573389689_00.root
[670/2503] Reading signal/signal_Ntuple_00669_job573389690_00.root
[671/2503] Reading signal/signal_Ntuple_00670_job573389691_00.root
[672/2503] Reading signal/signal_Ntuple_00671_job573389692_00.root
[673/2503] Reading signal/signal_Ntuple_00672_job573389693_00.root
[674/2503] Reading signal/signal_Ntuple_00673_job573389694_00.root
[675/2503] Reading signal/signal_Ntuple_00674_job573389696_00.root
[676/2503] Reading signal/signal_Ntuple_00675_job573389697_00.root
[677/2503] Reading signal/signal_Ntuple_00676_job573389698_00.root
[678/2503] Reading signal/signal_Ntuple_00677_job573389699_00.root
[679/2503] Reading signal/signal_Ntuple_00678_job573389700_00.root
[680/2503] Reading signal/signal_Ntuple_00679_job573389701_00.root
[681/2503] Reading signal/signal_Ntuple_00680_job573389702_00.root
[682/2503] Reading signal/signal_Ntuple_00681_job573389703_00.root
[683/2503] Reading signal/signal_Ntuple_00682_job573389704_00.root
[684/2503] Reading signal/signal_Ntuple_00683_job573389705_00.root
[685/2503] Reading signal/signal_Ntuple_00684_job573389706_00.root
[686/2503] Reading signal/signal_Ntuple_00685_job573389707_00.root
[687/2503] Reading signal/signal_Ntuple_00686_job573389708_00.root
[688/2503] Reading signal/signal_Ntuple_00687_job573389709_00.root
[689/2503] Reading signal/signal_Ntuple_00688_job573389710_00.root
[690/2503] Reading signal/signal_Ntuple_00689_job573389711_00.root
[691/2503] Reading signal/signal_Ntuple_00690_job573389713_00.root
[692/2503] Reading signal/signal_Ntuple_00691_job573389714_00.root
[693/2503] Reading signal/signal_Ntuple_00692_job573389715_00.root
[694/2503] Reading signal/signal_Ntuple_00693_job573389716_00.root
[695/2503] Reading signal/signal_Ntuple_00694_job573389717_00.root
[696/2503] Reading signal/signal_Ntuple_00695_job573389718_00.root
[697/2503] Reading signal/signal_Ntuple_00696_job573389719_00.root
[698/2503] Reading signal/signal_Ntuple_00697_job573389720_00.root
[699/2503] Reading signal/signal_Ntuple_00698_job573389721_00.root
[700/2503] Reading signal/signal_Ntuple_00699_job573389722_00.root
[701/2503] Reading signal/signal_Ntuple_00700_job573389723_00.root
[702/2503] Reading signal/signal_Ntuple_00701_job573389724_00.root
[703/2503] Reading signal/signal_Ntuple_00702_job573389725_00.root
[704/2503] Reading signal/signal_Ntuple_00703_job573389726_00.root
[705/2503] Reading signal/signal_Ntuple_00704_job573389727_00.root
[706/2503] Reading signal/signal_Ntuple_00705_job573389728_00.root
[707/2503] Reading signal/signal_Ntuple_00706_job573389729_00.root
[708/2503] Reading signal/signal_Ntuple_00707_job573389730_00.root
[709/2503] Reading signal/signal_Ntuple_00708_job573389731_00.root
[710/2503] Reading signal/signal_Ntuple_00709_job573389732_00.root
[711/2503] Reading signal/signal_Ntuple_00710_job573389733_00.root
[712/2503] Reading signal/signal_Ntuple_00711_job573389735_00.root
[713/2503] Reading signal/signal_Ntuple_00712_job573389736_00.root
[714/2503] Reading signal/signal_Ntuple_00713_job573389737_00.root
[715/2503] Reading signal/signal_Ntuple_00714_job573389738_00.root
[716/2503] Reading signal/signal_Ntuple_00715_job573389739_00.root
[717/2503] Reading signal/signal_Ntuple_00716_job573389740_00.root
[718/2503] Reading signal/signal_Ntuple_00717_job573389741_00.root
[719/2503] Reading signal/signal_Ntuple_00718_job573389742_00.root
[720/2503] Reading signal/signal_Ntuple_00719_job573389743_00.root
[721/2503] Reading signal/signal_Ntuple_00720_job573389744_00.root
[722/2503] Reading signal/signal_Ntuple_00721_job573389745_00.root
[723/2503] Reading signal/signal_Ntuple_00722_job573389746_00.root
[724/2503] Reading signal/signal_Ntuple_00723_job573389747_00.root
[725/2503] Reading signal/signal_Ntuple_00724_job573389748_00.root
[726/2503] Reading signal/signal_Ntuple_00725_job573389749_00.root
[727/2503] Reading signal/signal_Ntuple_00726_job573389750_00.root
[728/2503] Reading signal/signal_Ntuple_00727_job573389752_00.root
[729/2503] Reading signal/signal_Ntuple_00728_job573389753_00.root
[730/2503] Reading signal/signal_Ntuple_00729_job573389754_00.root
[731/2503] Reading signal/signal_Ntuple_00730_job573389755_00.root
[732/2503] Reading signal/signal_Ntuple_00731_job573389756_00.root
[733/2503] Reading signal/signal_Ntuple_00732_job573389757_00.root
[734/2503] Reading signal/signal_Ntuple_00733_job573389758_00.root
[735/2503] Reading signal/signal_Ntuple_00734_job573389759_00.root
[736/2503] Reading signal/signal_Ntuple_00735_job573389760_00.root
[737/2503] Reading signal/signal_Ntuple_00736_job573389761_00.root
[738/2503] Reading signal/signal_Ntuple_00737_job573389762_00.root
[739/2503] Reading signal/signal_Ntuple_00738_job573389763_00.root
[740/2503] Reading signal/signal_Ntuple_00739_job573389764_00.root
[741/2503] Reading signal/signal_Ntuple_00740_job573389765_00.root
[742/2503] Reading signal/signal_Ntuple_00741_job573389766_00.root
[743/2503] Reading signal/signal_Ntuple_00742_job573389768_00.root
[744/2503] Reading signal/signal_Ntuple_00743_job573389769_00.root
[745/2503] Reading signal/signal_Ntuple_00744_job573389770_00.root
[746/2503] Reading signal/signal_Ntuple_00745_job573389771_00.root
[747/2503] Reading signal/signal_Ntuple_00746_job573389772_00.root
[748/2503] Reading signal/signal_Ntuple_00747_job573389773_00.root
[749/2503] Reading signal/signal_Ntuple_00748_job573389774_00.root
[750/2503] Reading signal/signal_Ntuple_00749_job573389775_00.root
[751/2503] Reading signal/signal_Ntuple_00750_job573389776_00.root
[752/2503] Reading signal/signal_Ntuple_00751_job573389777_00.root
[753/2503] Reading signal/signal_Ntuple_00752_job573389778_00.root
[754/2503] Reading signal/signal_Ntuple_00753_job573389779_00.root
[755/2503] Reading signal/signal_Ntuple_00754_job573389780_00.root
[756/2503] Reading signal/signal_Ntuple_00755_job573389781_00.root
[757/2503] Reading signal/signal_Ntuple_00756_job573389783_00.root
[758/2503] Reading signal/signal_Ntuple_00757_job573389784_00.root
[759/2503] Reading signal/signal_Ntuple_00758_job573389785_00.root
[760/2503] Reading signal/signal_Ntuple_00759_job573389786_00.root
[761/2503] Reading signal/signal_Ntuple_00760_job573389787_00.root
[762/2503] Reading signal/signal_Ntuple_00761_job573389788_00.root
[763/2503] Reading signal/signal_Ntuple_00762_job573389789_00.root
[764/2503] Reading signal/signal_Ntuple_00763_job573389790_00.root
[765/2503] Reading signal/signal_Ntuple_00764_job573389791_00.root
[766/2503] Reading signal/signal_Ntuple_00765_job573389792_00.root
[767/2503] Reading signal/signal_Ntuple_00766_job573389793_00.root
[768/2503] Reading signal/signal_Ntuple_00767_job573389794_00.root
[769/2503] Reading signal/signal_Ntuple_00768_job573389795_00.root
[770/2503] Reading signal/signal_Ntuple_00769_job573389796_00.root
[771/2503] Reading signal/signal_Ntuple_00770_job573389797_00.root
[772/2503] Reading signal/signal_Ntuple_00771_job573389799_00.root
[773/2503] Reading signal/signal_Ntuple_00772_job573389800_00.root
[774/2503] Reading signal/signal_Ntuple_00773_job573389801_00.root
[775/2503] Reading signal/signal_Ntuple_00774_job573389802_00.root
[776/2503] Reading signal/signal_Ntuple_00775_job573389803_00.root
[777/2503] Reading signal/signal_Ntuple_00776_job573389804_00.root
[778/2503] Reading signal/signal_Ntuple_00777_job573389805_00.root
[779/2503] Reading signal/signal_Ntuple_00778_job573389806_00.root
[780/2503] Reading signal/signal_Ntuple_00779_job573389807_00.root
[781/2503] Reading signal/signal_Ntuple_00780_job573389808_00.root
[782/2503] Reading signal/signal_Ntuple_00781_job573389809_00.root
[783/2503] Reading signal/signal_Ntuple_00782_job573389810_00.root
[784/2503] Reading signal/signal_Ntuple_00783_job573389811_00.root
[785/2503] Reading signal/signal_Ntuple_00784_job573389812_00.root
[786/2503] Reading signal/signal_Ntuple_00785_job573389814_00.root
[787/2503] Reading signal/signal_Ntuple_00786_job573389815_00.root
[788/2503] Reading signal/signal_Ntuple_00787_job573389816_00.root
[789/2503] Reading signal/signal_Ntuple_00788_job573389817_00.root
[790/2503] Reading signal/signal_Ntuple_00789_job573389818_00.root
[791/2503] Reading signal/signal_Ntuple_00790_job573389819_00.root
[792/2503] Reading signal/signal_Ntuple_00791_job573389820_00.root
[793/2503] Reading signal/signal_Ntuple_00792_job573389821_00.root
[794/2503] Reading signal/signal_Ntuple_00793_job573389822_00.root
[795/2503] Reading signal/signal_Ntuple_00794_job573389823_00.root
[796/2503] Reading signal/signal_Ntuple_00795_job573389824_00.root
[797/2503] Reading signal/signal_Ntuple_00796_job573389825_00.root
[798/2503] Reading signal/signal_Ntuple_00797_job573389826_00.root
[799/2503] Reading signal/signal_Ntuple_00798_job573389827_00.root
[800/2503] Reading signal/signal_Ntuple_00799_job573389828_00.root
[801/2503] Reading signal/signal_Ntuple_00800_job573389830_00.root
[802/2503] Reading signal/signal_Ntuple_00801_job573389831_00.root
[803/2503] Reading signal/signal_Ntuple_00802_job573389832_00.root
[804/2503] Reading signal/signal_Ntuple_00803_job573389833_00.root
[805/2503] Reading signal/signal_Ntuple_00804_job573389834_00.root
[806/2503] Reading signal/signal_Ntuple_00805_job573389835_00.root
[807/2503] Reading signal/signal_Ntuple_00806_job573389836_00.root
[808/2503] Reading signal/signal_Ntuple_00807_job573389837_00.root
[809/2503] Reading signal/signal_Ntuple_00808_job573389838_00.root
[810/2503] Reading signal/signal_Ntuple_00809_job573389839_00.root
[811/2503] Reading signal/signal_Ntuple_00810_job573389840_00.root
[812/2503] Reading signal/signal_Ntuple_00811_job573389841_00.root
[813/2503] Reading signal/signal_Ntuple_00812_job573389842_00.root
[814/2503] Reading signal/signal_Ntuple_00813_job573389843_00.root
[815/2503] Reading signal/signal_Ntuple_00814_job573389845_00.root
[816/2503] Reading signal/signal_Ntuple_00815_job573389846_00.root
[817/2503] Reading signal/signal_Ntuple_00816_job573389847_00.root
[818/2503] Reading signal/signal_Ntuple_00817_job573389848_00.root
[819/2503] Reading signal/signal_Ntuple_00818_job573389849_00.root
[820/2503] Reading signal/signal_Ntuple_00819_job573389850_00.root
[821/2503] Reading signal/signal_Ntuple_00820_job573389851_00.root
[822/2503] Reading signal/signal_Ntuple_00821_job573389852_00.root
[823/2503] Reading signal/signal_Ntuple_00822_job573389853_00.root
[824/2503] Reading signal/signal_Ntuple_00823_job573389854_00.root
[825/2503] Reading signal/signal_Ntuple_00824_job573389855_00.root
[826/2503] Reading signal/signal_Ntuple_00825_job573389856_00.root
[827/2503] Reading signal/signal_Ntuple_00826_job573389857_00.root
[828/2503] Reading signal/signal_Ntuple_00827_job573389858_00.root
[829/2503] Reading signal/signal_Ntuple_00828_job573389859_00.root
[830/2503] Reading signal/signal_Ntuple_00829_job573389860_00.root
[831/2503] Reading signal/signal_Ntuple_00830_job573389862_00.root
[832/2503] Reading signal/signal_Ntuple_00831_job573389863_00.root
[833/2503] Reading signal/signal_Ntuple_00832_job573389864_00.root
[834/2503] Reading signal/signal_Ntuple_00833_job573389865_00.root
[835/2503] Reading signal/signal_Ntuple_00834_job573389866_00.root
[836/2503] Reading signal/signal_Ntuple_00835_job573389867_00.root
[837/2503] Reading signal/signal_Ntuple_00836_job573389868_00.root
[838/2503] Reading signal/signal_Ntuple_00837_job573389869_00.root
[839/2503] Reading signal/signal_Ntuple_00838_job573389870_00.root
[840/2503] Reading signal/signal_Ntuple_00839_job573389871_00.root
[841/2503] Reading signal/signal_Ntuple_00840_job573389872_00.root
[842/2503] Reading signal/signal_Ntuple_00841_job573389873_00.root
[843/2503] Reading signal/signal_Ntuple_00842_job573389874_00.root
[844/2503] Reading signal/signal_Ntuple_00843_job573389875_00.root
[845/2503] Reading signal/signal_Ntuple_00844_job573389876_00.root
[846/2503] Reading signal/signal_Ntuple_00845_job573389877_00.root
[847/2503] Reading signal/signal_Ntuple_00846_job573389879_00.root
[848/2503] Reading signal/signal_Ntuple_00847_job573389880_00.root
[849/2503] Reading signal/signal_Ntuple_00848_job573389881_00.root
[850/2503] Reading signal/signal_Ntuple_00849_job573389882_00.root
[851/2503] Reading signal/signal_Ntuple_00850_job573389883_00.root
[852/2503] Reading signal/signal_Ntuple_00851_job573389884_00.root
[853/2503] Reading signal/signal_Ntuple_00852_job573389885_00.root
[854/2503] Reading signal/signal_Ntuple_00853_job573389886_00.root
[855/2503] Reading signal/signal_Ntuple_00854_job573389887_00.root
[856/2503] Reading signal/signal_Ntuple_00855_job573389888_00.root
[857/2503] Reading signal/signal_Ntuple_00856_job573389889_00.root
[858/2503] Reading signal/signal_Ntuple_00857_job573389890_00.root
[859/2503] Reading signal/signal_Ntuple_00858_job573389891_00.root
[860/2503] Reading signal/signal_Ntuple_00859_job573389892_00.root
[861/2503] Reading signal/signal_Ntuple_00860_job573389893_00.root
[862/2503] Reading signal/signal_Ntuple_00861_job573389894_00.root
[863/2503] Reading signal/signal_Ntuple_00862_job573389895_00.root
[864/2503] Reading signal/signal_Ntuple_00863_job573389897_00.root
[865/2503] Reading signal/signal_Ntuple_00864_job573389898_00.root
[866/2503] Reading signal/signal_Ntuple_00865_job573389899_00.root
[867/2503] Reading signal/signal_Ntuple_00866_job573389900_00.root
[868/2503] Reading signal/signal_Ntuple_00867_job573389901_00.root
[869/2503] Reading signal/signal_Ntuple_00868_job573389902_00.root
[870/2503] Reading signal/signal_Ntuple_00869_job573389903_00.root
[871/2503] Reading signal/signal_Ntuple_00870_job573389904_00.root
[872/2503] Reading signal/signal_Ntuple_00871_job573389905_00.root
[873/2503] Reading signal/signal_Ntuple_00872_job573389906_00.root
[874/2503] Reading signal/signal_Ntuple_00873_job573389907_00.root
[875/2503] Reading signal/signal_Ntuple_00874_job573389908_00.root
[876/2503] Reading signal/signal_Ntuple_00875_job573389909_00.root
[877/2503] Reading signal/signal_Ntuple_00876_job573389910_00.root
[878/2503] Reading signal/signal_Ntuple_00877_job573389911_00.root
[879/2503] Reading signal/signal_Ntuple_00878_job573389912_00.root
[880/2503] Reading signal/signal_Ntuple_00879_job573389914_00.root
[881/2503] Reading signal/signal_Ntuple_00880_job573389915_00.root
[882/2503] Reading signal/signal_Ntuple_00881_job573389916_00.root
[883/2503] Reading signal/signal_Ntuple_00882_job573389917_00.root
[884/2503] Reading signal/signal_Ntuple_00883_job573389918_00.root
[885/2503] Reading signal/signal_Ntuple_00884_job573389919_00.root
[886/2503] Reading signal/signal_Ntuple_00885_job573389920_00.root
[887/2503] Reading signal/signal_Ntuple_00886_job573389921_00.root
[888/2503] Reading signal/signal_Ntuple_00887_job573389922_00.root
[889/2503] Reading signal/signal_Ntuple_00888_job573389923_00.root
[890/2503] Reading signal/signal_Ntuple_00889_job573389924_00.root
[891/2503] Reading signal/signal_Ntuple_00890_job573389925_00.root
[892/2503] Reading signal/signal_Ntuple_00891_job573389926_00.root
[893/2503] Reading signal/signal_Ntuple_00892_job573389928_00.root
[894/2503] Reading signal/signal_Ntuple_00893_job573389929_00.root
[895/2503] Reading signal/signal_Ntuple_00894_job573389930_00.root
[896/2503] Reading signal/signal_Ntuple_00895_job573389931_00.root
[897/2503] Reading signal/signal_Ntuple_00896_job573389932_00.root
[898/2503] Reading signal/signal_Ntuple_00897_job573389933_00.root
[899/2503] Reading signal/signal_Ntuple_00898_job573389934_00.root
[900/2503] Reading signal/signal_Ntuple_00899_job573389935_00.root
[901/2503] Reading signal/signal_Ntuple_00900_job573389936_00.root
[902/2503] Reading signal/signal_Ntuple_00901_job573389937_00.root
[903/2503] Reading signal/signal_Ntuple_00902_job573389938_00.root
[904/2503] Reading signal/signal_Ntuple_00903_job573389939_00.root
[905/2503] Reading signal/signal_Ntuple_00904_job573389940_00.root
[906/2503] Reading signal/signal_Ntuple_00905_job573389941_00.root
[907/2503] Reading signal/signal_Ntuple_00906_job573389942_00.root
[908/2503] Reading signal/signal_Ntuple_00907_job573389943_00.root
[909/2503] Reading signal/signal_Ntuple_00908_job573389944_00.root
[910/2503] Reading signal/signal_Ntuple_00909_job573389945_00.root
[911/2503] Reading signal/signal_Ntuple_00910_job573389946_00.root
[912/2503] Reading signal/signal_Ntuple_00911_job573389947_00.root
[913/2503] Reading signal/signal_Ntuple_00912_job573389948_00.root
[914/2503] Reading signal/signal_Ntuple_00913_job573389949_00.root
[915/2503] Reading signal/signal_Ntuple_00914_job573389950_00.root
[916/2503] Reading signal/signal_Ntuple_00915_job573389951_00.root
[917/2503] Reading signal/signal_Ntuple_00916_job573389952_00.root
[918/2503] Reading signal/signal_Ntuple_00917_job573389953_00.root
[919/2503] Reading signal/signal_Ntuple_00918_job573389954_00.root
[920/2503] Reading signal/signal_Ntuple_00919_job573389955_00.root
[921/2503] Reading signal/signal_Ntuple_00920_job573389956_00.root
[922/2503] Reading signal/signal_Ntuple_00921_job573389957_00.root
[923/2503] Reading signal/signal_Ntuple_00922_job573389958_00.root
[924/2503] Reading signal/signal_Ntuple_00923_job573389959_00.root
[925/2503] Reading signal/signal_Ntuple_00924_job573389960_00.root
[926/2503] Reading signal/signal_Ntuple_00925_job573389961_00.root
[927/2503] Reading signal/signal_Ntuple_00926_job573389962_00.root
[928/2503] Reading signal/signal_Ntuple_00927_job573389963_00.root
[929/2503] Reading signal/signal_Ntuple_00928_job573389964_00.root
[930/2503] Reading signal/signal_Ntuple_00929_job573389965_00.root
[931/2503] Reading signal/signal_Ntuple_00930_job573389966_00.root
[932/2503] Reading signal/signal_Ntuple_00931_job573389967_00.root
[933/2503] Reading signal/signal_Ntuple_00932_job573389968_00.root
[934/2503] Reading signal/signal_Ntuple_00933_job573389969_00.root
[935/2503] Reading signal/signal_Ntuple_00934_job573389970_00.root
[936/2503] Reading signal/signal_Ntuple_00935_job573389971_00.root
[937/2503] Reading signal/signal_Ntuple_00936_job573389972_00.root
[938/2503] Reading signal/signal_Ntuple_00937_job573389973_00.root
[939/2503] Reading signal/signal_Ntuple_00938_job573389974_00.root
[940/2503] Reading signal/signal_Ntuple_00939_job573389975_00.root
[941/2503] Reading signal/signal_Ntuple_00940_job573389976_00.root
[942/2503] Reading signal/signal_Ntuple_00941_job573389977_00.root
[943/2503] Reading signal/signal_Ntuple_00942_job573389978_00.root
[944/2503] Reading signal/signal_Ntuple_00943_job573389979_00.root
[945/2503] Reading signal/signal_Ntuple_00944_job573389980_00.root
[946/2503] Reading signal/signal_Ntuple_00945_job573389981_00.root
[947/2503] Reading signal/signal_Ntuple_00946_job573389982_00.root
[948/2503] Reading signal/signal_Ntuple_00947_job573389983_00.root
[949/2503] Reading signal/signal_Ntuple_00948_job573389984_00.root
[950/2503] Reading signal/signal_Ntuple_00949_job573389985_00.root
[951/2503] Reading signal/signal_Ntuple_00950_job573389986_00.root
[952/2503] Reading signal/signal_Ntuple_00951_job573389987_00.root
[953/2503] Reading signal/signal_Ntuple_00952_job573389988_00.root
[954/2503] Reading signal/signal_Ntuple_00953_job573389989_00.root
[955/2503] Reading signal/signal_Ntuple_00954_job573389990_00.root
[956/2503] Reading signal/signal_Ntuple_00955_job573389991_00.root
[957/2503] Reading signal/signal_Ntuple_00956_job573389992_00.root
[958/2503] Reading signal/signal_Ntuple_00957_job573389993_00.root
[959/2503] Reading signal/signal_Ntuple_00958_job573389994_00.root
[960/2503] Reading signal/signal_Ntuple_00959_job573389995_00.root
[961/2503] Reading signal/signal_Ntuple_00960_job573389996_00.root
[962/2503] Reading signal/signal_Ntuple_00961_job573389997_00.root
[963/2503] Reading signal/signal_Ntuple_00962_job573389998_00.root
[964/2503] Reading signal/signal_Ntuple_00963_job573389999_00.root
[965/2503] Reading signal/signal_Ntuple_00964_job573390000_00.root
[966/2503] Reading signal/signal_Ntuple_00965_job573390001_00.root
[967/2503] Reading signal/signal_Ntuple_00966_job573390002_00.root
[968/2503] Reading signal/signal_Ntuple_00967_job573390003_00.root
[969/2503] Reading signal/signal_Ntuple_00968_job573390004_00.root
[970/2503] Reading signal/signal_Ntuple_00969_job573390005_00.root
[971/2503] Reading signal/signal_Ntuple_00970_job573390006_00.root
[972/2503] Reading signal/signal_Ntuple_00971_job573390007_00.root
[973/2503] Reading signal/signal_Ntuple_00972_job573390008_00.root
[974/2503] Reading signal/signal_Ntuple_00973_job573390009_00.root
[975/2503] Reading signal/signal_Ntuple_00974_job573390010_00.root
[976/2503] Reading signal/signal_Ntuple_00975_job573390011_00.root
[977/2503] Reading signal/signal_Ntuple_00976_job573390012_00.root
[978/2503] Reading signal/signal_Ntuple_00977_job573390013_00.root
[979/2503] Reading signal/signal_Ntuple_00978_job573390014_00.root
[980/2503] Reading signal/signal_Ntuple_00979_job573390015_00.root
[981/2503] Reading signal/signal_Ntuple_00980_job573390016_00.root
[982/2503] Reading signal/signal_Ntuple_00981_job573390017_00.root
[983/2503] Reading signal/signal_Ntuple_00982_job573390018_00.root
[984/2503] Reading signal/signal_Ntuple_00983_job573390019_00.root
[985/2503] Reading signal/signal_Ntuple_00984_job573390020_00.root
[986/2503] Reading signal/signal_Ntuple_00985_job573390021_00.root
[987/2503] Reading signal/signal_Ntuple_00986_job573390022_00.root
[988/2503] Reading signal/signal_Ntuple_00987_job573390023_00.root
[989/2503] Reading signal/signal_Ntuple_00988_job573390024_00.root
[990/2503] Reading signal/signal_Ntuple_00989_job573390025_00.root
[991/2503] Reading signal/signal_Ntuple_00990_job573390026_00.root
[992/2503] Reading signal/signal_Ntuple_00991_job573390027_00.root
[993/2503] Reading signal/signal_Ntuple_00992_job573390028_00.root
[994/2503] Reading signal/signal_Ntuple_00993_job573390029_00.root
[995/2503] Reading signal/signal_Ntuple_00994_job573390030_00.root
[996/2503] Reading signal/signal_Ntuple_00995_job573390031_00.root
[997/2503] Reading signal/signal_Ntuple_00996_job573390032_00.root
[998/2503] Reading signal/signal_Ntuple_00997_job573390033_00.root
[999/2503] Reading signal/signal_Ntuple_00998_job573390034_00.root
[1000/2503] Reading signal/signal_Ntuple_00999_job573390035_00.root
[1001/2503] Reading signal/signal_Ntuple_01000_job573390036_00.root
[1002/2503] Reading signal/signal_Ntuple_01001_job573390037_00.root
[1003/2503] Reading signal/signal_Ntuple_01002_job573390038_00.root
[1004/2503] Reading signal/signal_Ntuple_01003_job573390039_00.root
[1005/2503] Reading signal/signal_Ntuple_01004_job573390040_00.root
[1006/2503] Reading signal/signal_Ntuple_01005_job573390041_00.root
[1007/2503] Reading signal/signal_Ntuple_01006_job573390042_00.root
[1008/2503] Reading signal/signal_Ntuple_01007_job573390043_00.root
[1009/2503] Reading signal/signal_Ntuple_01008_job573390044_00.root
[1010/2503] Reading signal/signal_Ntuple_01009_job573390045_00.root
[1011/2503] Reading signal/signal_Ntuple_01010_job573390046_00.root
[1012/2503] Reading signal/signal_Ntuple_01011_job573390047_00.root
[1013/2503] Reading signal/signal_Ntuple_01012_job573390048_00.root
[1014/2503] Reading signal/signal_Ntuple_01013_job573390049_00.root
[1015/2503] Reading signal/signal_Ntuple_01014_job573390050_00.root
[1016/2503] Reading signal/signal_Ntuple_01015_job573390051_00.root
[1017/2503] Reading signal/signal_Ntuple_01016_job573390052_00.root
[1018/2503] Reading signal/signal_Ntuple_01017_job573390053_00.root
[1019/2503] Reading signal/signal_Ntuple_01018_job573390054_00.root
[1020/2503] Reading signal/signal_Ntuple_01019_job573390055_00.root
[1021/2503] Reading signal/signal_Ntuple_01020_job573390056_00.root
[1022/2503] Reading signal/signal_Ntuple_01021_job573390057_00.root
[1023/2503] Reading signal/signal_Ntuple_01022_job573390058_00.root
[1024/2503] Reading signal/signal_Ntuple_01023_job573390059_00.root
[1025/2503] Reading signal/signal_Ntuple_01024_job573390060_00.root
[1026/2503] Reading signal/signal_Ntuple_01025_job573390061_00.root
[1027/2503] Reading signal/signal_Ntuple_01026_job573390062_00.root
[1028/2503] Reading signal/signal_Ntuple_01027_job573390063_00.root
[1029/2503] Reading signal/signal_Ntuple_01028_job573390064_00.root
[1030/2503] Reading signal/signal_Ntuple_01029_job573390065_00.root
[1031/2503] Reading signal/signal_Ntuple_01030_job573390066_00.root
[1032/2503] Reading signal/signal_Ntuple_01031_job573390067_00.root
[1033/2503] Reading signal/signal_Ntuple_01032_job573390068_00.root
[1034/2503] Reading signal/signal_Ntuple_01033_job573390069_00.root
[1035/2503] Reading signal/signal_Ntuple_01034_job573390070_00.root
[1036/2503] Reading signal/signal_Ntuple_01035_job573390071_00.root
[1037/2503] Reading signal/signal_Ntuple_01036_job573390072_00.root
[1038/2503] Reading signal/signal_Ntuple_01037_job573390073_00.root
[1039/2503] Reading signal/signal_Ntuple_01038_job573390074_00.root
[1040/2503] Reading signal/signal_Ntuple_01039_job573390075_00.root
[1041/2503] Reading signal/signal_Ntuple_01040_job573390076_00.root
[1042/2503] Reading signal/signal_Ntuple_01041_job573390077_00.root
[1043/2503] Reading signal/signal_Ntuple_01042_job573390078_00.root
[1044/2503] Reading signal/signal_Ntuple_01043_job573390079_00.root
[1045/2503] Reading signal/signal_Ntuple_01044_job573390080_00.root
[1046/2503] Reading signal/signal_Ntuple_01045_job573390081_00.root
[1047/2503] Reading signal/signal_Ntuple_01046_job573390082_00.root
[1048/2503] Reading signal/signal_Ntuple_01047_job573390083_00.root
[1049/2503] Reading signal/signal_Ntuple_01048_job573390084_00.root
[1050/2503] Reading signal/signal_Ntuple_01049_job573390085_00.root
[1051/2503] Reading signal/signal_Ntuple_01050_job573390086_00.root
[1052/2503] Reading signal/signal_Ntuple_01051_job573390087_00.root
[1053/2503] Reading signal/signal_Ntuple_01052_job573390088_00.root
[1054/2503] Reading signal/signal_Ntuple_01053_job573390089_00.root
[1055/2503] Reading signal/signal_Ntuple_01054_job573390090_00.root
[1056/2503] Reading signal/signal_Ntuple_01055_job573390091_00.root
[1057/2503] Reading signal/signal_Ntuple_01056_job573390092_00.root
[1058/2503] Reading signal/signal_Ntuple_01057_job573390093_00.root
[1059/2503] Reading signal/signal_Ntuple_01058_job573390094_00.root
[1060/2503] Reading signal/signal_Ntuple_01059_job573390095_00.root
[1061/2503] Reading signal/signal_Ntuple_01060_job573390096_00.root
[1062/2503] Reading signal/signal_Ntuple_01061_job573390097_00.root
[1063/2503] Reading signal/signal_Ntuple_01062_job573390098_00.root
[1064/2503] Reading signal/signal_Ntuple_01063_job573390099_00.root
[1065/2503] Reading signal/signal_Ntuple_01064_job573390100_00.root
[1066/2503] Reading signal/signal_Ntuple_01065_job573390101_00.root
[1067/2503] Reading signal/signal_Ntuple_01066_job573390102_00.root
[1068/2503] Reading signal/signal_Ntuple_01067_job573390103_00.root
[1069/2503] Reading signal/signal_Ntuple_01068_job573390104_00.root
[1070/2503] Reading signal/signal_Ntuple_01069_job573390105_00.root
[1071/2503] Reading signal/signal_Ntuple_01070_job573390106_00.root
[1072/2503] Reading signal/signal_Ntuple_01071_job573390107_00.root
[1073/2503] Reading signal/signal_Ntuple_01072_job573390108_00.root
[1074/2503] Reading signal/signal_Ntuple_01073_job573390109_00.root
[1075/2503] Reading signal/signal_Ntuple_01074_job573390110_00.root
[1076/2503] Reading signal/signal_Ntuple_01075_job573390111_00.root
[1077/2503] Reading signal/signal_Ntuple_01076_job573390112_00.root
[1078/2503] Reading signal/signal_Ntuple_01077_job573390113_00.root
[1079/2503] Reading signal/signal_Ntuple_01078_job573390114_00.root
[1080/2503] Reading signal/signal_Ntuple_01079_job573390115_00.root
[1081/2503] Reading signal/signal_Ntuple_01080_job573390116_00.root
[1082/2503] Reading signal/signal_Ntuple_01081_job573390117_00.root
[1083/2503] Reading signal/signal_Ntuple_01082_job573390118_00.root
[1084/2503] Reading signal/signal_Ntuple_01083_job573390119_00.root
[1085/2503] Reading signal/signal_Ntuple_01084_job573390120_00.root
[1086/2503] Reading signal/signal_Ntuple_01085_job573390121_00.root
[1087/2503] Reading signal/signal_Ntuple_01086_job573390122_00.root
[1088/2503] Reading signal/signal_Ntuple_01087_job573390123_00.root
[1089/2503] Reading signal/signal_Ntuple_01088_job573390124_00.root
[1090/2503] Reading signal/signal_Ntuple_01089_job573390125_00.root
[1091/2503] Reading signal/signal_Ntuple_01090_job573390126_00.root
[1092/2503] Reading signal/signal_Ntuple_01091_job573390127_00.root
[1093/2503] Reading signal/signal_Ntuple_01092_job573390128_00.root
[1094/2503] Reading signal/signal_Ntuple_01093_job573390129_00.root
[1095/2503] Reading signal/signal_Ntuple_01094_job573390130_00.root
[1096/2503] Reading signal/signal_Ntuple_01095_job573390131_00.root
[1097/2503] Reading signal/signal_Ntuple_01096_job573390132_00.root
[1098/2503] Reading signal/signal_Ntuple_01097_job573390133_00.root
[1099/2503] Reading signal/signal_Ntuple_01098_job573390134_00.root
[1100/2503] Reading signal/signal_Ntuple_01099_job573390135_00.root
[1101/2503] Reading signal/signal_Ntuple_01100_job573390136_00.root
[1102/2503] Reading signal/signal_Ntuple_01101_job573390137_00.root
[1103/2503] Reading signal/signal_Ntuple_01102_job573390138_00.root
[1104/2503] Reading signal/signal_Ntuple_01103_job573390139_00.root
[1105/2503] Reading signal/signal_Ntuple_01104_job573390140_00.root
[1106/2503] Reading signal/signal_Ntuple_01105_job573390141_00.root
[1107/2503] Reading signal/signal_Ntuple_01106_job573390142_00.root
[1108/2503] Reading signal/signal_Ntuple_01107_job573390143_00.root
[1109/2503] Reading signal/signal_Ntuple_01108_job573390144_00.root
[1110/2503] Reading signal/signal_Ntuple_01109_job573390145_00.root
[1111/2503] Reading signal/signal_Ntuple_01110_job573390146_00.root
[1112/2503] Reading signal/signal_Ntuple_01111_job573390147_00.root
[1113/2503] Reading signal/signal_Ntuple_01112_job573390148_00.root
[1114/2503] Reading signal/signal_Ntuple_01113_job573390149_00.root
[1115/2503] Reading signal/signal_Ntuple_01114_job573390150_00.root
[1116/2503] Reading signal/signal_Ntuple_01115_job573390151_00.root
[1117/2503] Reading signal/signal_Ntuple_01116_job573390152_00.root
[1118/2503] Reading signal/signal_Ntuple_01117_job573390153_00.root
[1119/2503] Reading signal/signal_Ntuple_01118_job573390154_00.root
[1120/2503] Reading signal/signal_Ntuple_01119_job573390155_00.root
[1121/2503] Reading signal/signal_Ntuple_01120_job573390156_00.root
[1122/2503] Reading signal/signal_Ntuple_01121_job573390157_00.root
[1123/2503] Reading signal/signal_Ntuple_01122_job573390158_00.root
[1124/2503] Reading signal/signal_Ntuple_01123_job573390159_00.root
[1125/2503] Reading signal/signal_Ntuple_01124_job573390160_00.root
[1126/2503] Reading signal/signal_Ntuple_01125_job573390161_00.root
[1127/2503] Reading signal/signal_Ntuple_01126_job573390162_00.root
[1128/2503] Reading signal/signal_Ntuple_01127_job573390163_00.root
[1129/2503] Reading signal/signal_Ntuple_01128_job573390164_00.root
[1130/2503] Reading signal/signal_Ntuple_01129_job573390165_00.root
[1131/2503] Reading signal/signal_Ntuple_01130_job573390166_00.root
[1132/2503] Reading signal/signal_Ntuple_01131_job573390167_00.root
[1133/2503] Reading signal/signal_Ntuple_01132_job573390168_00.root
[1134/2503] Reading signal/signal_Ntuple_01133_job573390169_00.root
[1135/2503] Reading signal/signal_Ntuple_01134_job573390170_00.root
[1136/2503] Reading signal/signal_Ntuple_01135_job573390171_00.root
[1137/2503] Reading signal/signal_Ntuple_01136_job573390172_00.root
[1138/2503] Reading signal/signal_Ntuple_01137_job573390173_00.root
[1139/2503] Reading signal/signal_Ntuple_01138_job573390174_00.root
[1140/2503] Reading signal/signal_Ntuple_01139_job573390175_00.root
[1141/2503] Reading signal/signal_Ntuple_01140_job573390176_00.root
[1142/2503] Reading signal/signal_Ntuple_01141_job573390177_00.root
[1143/2503] Reading signal/signal_Ntuple_01142_job573390178_00.root
[1144/2503] Reading signal/signal_Ntuple_01143_job573390179_00.root
[1145/2503] Reading signal/signal_Ntuple_01144_job573390180_00.root
[1146/2503] Reading signal/signal_Ntuple_01145_job573390181_00.root
[1147/2503] Reading signal/signal_Ntuple_01146_job573390182_00.root
[1148/2503] Reading signal/signal_Ntuple_01147_job573390183_00.root
[1149/2503] Reading signal/signal_Ntuple_01148_job573390184_00.root
[1150/2503] Reading signal/signal_Ntuple_01149_job573390185_00.root
[1151/2503] Reading signal/signal_Ntuple_01150_job573390186_00.root
[1152/2503] Reading signal/signal_Ntuple_01151_job573390187_00.root
[1153/2503] Reading signal/signal_Ntuple_01152_job573390188_00.root
[1154/2503] Reading signal/signal_Ntuple_01153_job573390189_00.root
[1155/2503] Reading signal/signal_Ntuple_01154_job573390190_00.root
[1156/2503] Reading signal/signal_Ntuple_01155_job573390191_00.root
[1157/2503] Reading signal/signal_Ntuple_01156_job573390192_00.root
[1158/2503] Reading signal/signal_Ntuple_01157_job573390193_00.root
[1159/2503] Reading signal/signal_Ntuple_01158_job573390194_00.root
[1160/2503] Reading signal/signal_Ntuple_01159_job573390195_00.root
[1161/2503] Reading signal/signal_Ntuple_01160_job573390196_00.root
[1162/2503] Reading signal/signal_Ntuple_01161_job573390197_00.root
[1163/2503] Reading signal/signal_Ntuple_01162_job573390198_00.root
[1164/2503] Reading signal/signal_Ntuple_01163_job573390199_00.root
[1165/2503] Reading signal/signal_Ntuple_01164_job573390200_00.root
[1166/2503] Reading signal/signal_Ntuple_01165_job573390201_00.root
[1167/2503] Reading signal/signal_Ntuple_01166_job573390202_00.root
[1168/2503] Reading signal/signal_Ntuple_01167_job573390203_00.root
[1169/2503] Reading signal/signal_Ntuple_01168_job573390204_00.root
[1170/2503] Reading signal/signal_Ntuple_01169_job573390205_00.root
[1171/2503] Reading signal/signal_Ntuple_01170_job573390206_00.root
[1172/2503] Reading signal/signal_Ntuple_01171_job573390207_00.root
[1173/2503] Reading signal/signal_Ntuple_01172_job573390208_00.root
[1174/2503] Reading signal/signal_Ntuple_01173_job573390209_00.root
[1175/2503] Reading signal/signal_Ntuple_01174_job573390210_00.root
[1176/2503] Reading signal/signal_Ntuple_01175_job573390211_00.root
[1177/2503] Reading signal/signal_Ntuple_01176_job573390212_00.root
[1178/2503] Reading signal/signal_Ntuple_01177_job573390213_00.root
[1179/2503] Reading signal/signal_Ntuple_01178_job573390214_00.root
[1180/2503] Reading signal/signal_Ntuple_01179_job573390215_00.root
[1181/2503] Reading signal/signal_Ntuple_01180_job573390216_00.root
[1182/2503] Reading signal/signal_Ntuple_01181_job573390217_00.root
[1183/2503] Reading signal/signal_Ntuple_01182_job573390218_00.root
[1184/2503] Reading signal/signal_Ntuple_01183_job573390219_00.root
[1185/2503] Reading signal/signal_Ntuple_01184_job573390220_00.root
[1186/2503] Reading signal/signal_Ntuple_01185_job573390221_00.root
[1187/2503] Reading signal/signal_Ntuple_01186_job573390222_00.root
[1188/2503] Reading signal/signal_Ntuple_01187_job573390223_00.root
[1189/2503] Reading signal/signal_Ntuple_01188_job573390224_00.root
[1190/2503] Reading signal/signal_Ntuple_01189_job573390225_00.root
[1191/2503] Reading signal/signal_Ntuple_01190_job573390226_00.root
[1192/2503] Reading signal/signal_Ntuple_01191_job573390227_00.root
[1193/2503] Reading signal/signal_Ntuple_01192_job573390228_00.root
[1194/2503] Reading signal/signal_Ntuple_01193_job573390229_00.root
[1195/2503] Reading signal/signal_Ntuple_01194_job573390230_00.root
[1196/2503] Reading signal/signal_Ntuple_01195_job573390231_00.root
[1197/2503] Reading signal/signal_Ntuple_01196_job573390232_00.root
[1198/2503] Reading signal/signal_Ntuple_01197_job573390233_00.root
[1199/2503] Reading signal/signal_Ntuple_01198_job573390234_00.root
[1200/2503] Reading signal/signal_Ntuple_01199_job573390235_00.root
[1201/2503] Reading signal/signal_Ntuple_01200_job573390236_00.root
[1202/2503] Reading signal/signal_Ntuple_01201_job573390237_00.root
[1203/2503] Reading signal/signal_Ntuple_01202_job573390238_00.root
[1204/2503] Reading signal/signal_Ntuple_01203_job573390239_00.root
[1205/2503] Reading signal/signal_Ntuple_01204_job573390240_00.root
[1206/2503] Reading signal/signal_Ntuple_01205_job573390241_00.root
[1207/2503] Reading signal/signal_Ntuple_01206_job573390242_00.root
[1208/2503] Reading signal/signal_Ntuple_01207_job573390243_00.root
[1209/2503] Reading signal/signal_Ntuple_01208_job573390244_00.root
[1210/2503] Reading signal/signal_Ntuple_01209_job573390245_00.root
[1211/2503] Reading signal/signal_Ntuple_01210_job573390246_00.root
[1212/2503] Reading signal/signal_Ntuple_01211_job573390247_00.root
[1213/2503] Reading signal/signal_Ntuple_01212_job573390248_00.root
[1214/2503] Reading signal/signal_Ntuple_01213_job573390249_00.root
[1215/2503] Reading signal/signal_Ntuple_01214_job573390250_00.root
[1216/2503] Reading signal/signal_Ntuple_01215_job573390251_00.root
[1217/2503] Reading signal/signal_Ntuple_01216_job573390252_00.root
[1218/2503] Reading signal/signal_Ntuple_01217_job573390253_00.root
[1219/2503] Reading signal/signal_Ntuple_01218_job573390254_00.root
[1220/2503] Reading signal/signal_Ntuple_01219_job573390255_00.root
[1221/2503] Reading signal/signal_Ntuple_01220_job573390256_00.root
[1222/2503] Reading signal/signal_Ntuple_01221_job573390257_00.root
[1223/2503] Reading signal/signal_Ntuple_01222_job573390258_00.root
[1224/2503] Reading signal/signal_Ntuple_01223_job573390259_00.root
[1225/2503] Reading signal/signal_Ntuple_01224_job573390260_00.root
[1226/2503] Reading signal/signal_Ntuple_01225_job573390261_00.root
[1227/2503] Reading signal/signal_Ntuple_01226_job573390262_00.root
[1228/2503] Reading signal/signal_Ntuple_01227_job573390263_00.root
[1229/2503] Reading signal/signal_Ntuple_01228_job573390264_00.root
[1230/2503] Reading signal/signal_Ntuple_01229_job573390265_00.root
[1231/2503] Reading signal/signal_Ntuple_01230_job573390266_00.root
[1232/2503] Reading signal/signal_Ntuple_01231_job573390267_00.root
[1233/2503] Reading signal/signal_Ntuple_01232_job573390268_00.root
[1234/2503] Reading signal/signal_Ntuple_01233_job573390269_00.root
[1235/2503] Reading signal/signal_Ntuple_01234_job573390270_00.root
[1236/2503] Reading signal/signal_Ntuple_01235_job573390271_00.root
[1237/2503] Reading signal/signal_Ntuple_01236_job573390272_00.root
[1238/2503] Reading signal/signal_Ntuple_01237_job573390273_00.root
[1239/2503] Reading signal/signal_Ntuple_01238_job573390274_00.root
[1240/2503] Reading signal/signal_Ntuple_01239_job573390275_00.root
[1241/2503] Reading signal/signal_Ntuple_01240_job573390276_00.root
[1242/2503] Reading signal/signal_Ntuple_01241_job573390277_00.root
[1243/2503] Reading signal/signal_Ntuple_01242_job573390278_00.root
[1244/2503] Reading signal/signal_Ntuple_01243_job573390279_00.root
[1245/2503] Reading signal/signal_Ntuple_01244_job573390280_00.root
[1246/2503] Reading signal/signal_Ntuple_01245_job573390281_00.root
[1247/2503] Reading signal/signal_Ntuple_01246_job573390282_00.root
[1248/2503] Reading signal/signal_Ntuple_01247_job573390283_00.root
[1249/2503] Reading signal/signal_Ntuple_01248_job573390284_00.root
[1250/2503] Reading signal/signal_Ntuple_01249_job573390285_00.root
[1251/2503] Reading signal/signal_Ntuple_01250_job573390286_00.root
[1252/2503] Reading signal/signal_Ntuple_01251_job573390287_00.root
[1253/2503] Reading signal/signal_Ntuple_01252_job573390288_00.root
[1254/2503] Reading signal/signal_Ntuple_01253_job573390289_00.root
[1255/2503] Reading signal/signal_Ntuple_01254_job573390290_00.root
[1256/2503] Reading signal/signal_Ntuple_01255_job573390291_00.root
[1257/2503] Reading signal/signal_Ntuple_01256_job573390292_00.root
[1258/2503] Reading signal/signal_Ntuple_01257_job573390293_00.root
[1259/2503] Reading signal/signal_Ntuple_01258_job573390294_00.root
[1260/2503] Reading signal/signal_Ntuple_01259_job573390295_00.root
[1261/2503] Reading signal/signal_Ntuple_01260_job573390296_00.root
[1262/2503] Reading signal/signal_Ntuple_01261_job573390297_00.root
[1263/2503] Reading signal/signal_Ntuple_01262_job573390298_00.root
[1264/2503] Reading signal/signal_Ntuple_01263_job573390299_00.root
[1265/2503] Reading signal/signal_Ntuple_01264_job573390300_00.root
[1266/2503] Reading signal/signal_Ntuple_01265_job573390301_00.root
[1267/2503] Reading signal/signal_Ntuple_01266_job573390302_00.root
[1268/2503] Reading signal/signal_Ntuple_01267_job573390303_00.root
[1269/2503] Reading signal/signal_Ntuple_01268_job573390304_00.root
[1270/2503] Reading signal/signal_Ntuple_01269_job573390305_00.root
[1271/2503] Reading signal/signal_Ntuple_01270_job573390306_00.root
[1272/2503] Reading signal/signal_Ntuple_01271_job573390307_00.root
[1273/2503] Reading signal/signal_Ntuple_01272_job573390308_00.root
[1274/2503] Reading signal/signal_Ntuple_01273_job573390309_00.root
[1275/2503] Reading signal/signal_Ntuple_01274_job573390310_00.root
[1276/2503] Reading signal/signal_Ntuple_01275_job573390311_00.root
[1277/2503] Reading signal/signal_Ntuple_01276_job573390312_00.root
[1278/2503] Reading signal/signal_Ntuple_01277_job573390313_00.root
[1279/2503] Reading signal/signal_Ntuple_01278_job573390314_00.root
[1280/2503] Reading signal/signal_Ntuple_01279_job573390315_00.root
[1281/2503] Reading signal/signal_Ntuple_01280_job573390316_00.root
[1282/2503] Reading signal/signal_Ntuple_01281_job573390317_00.root
[1283/2503] Reading signal/signal_Ntuple_01282_job573390318_00.root
[1284/2503] Reading signal/signal_Ntuple_01283_job573390319_00.root
[1285/2503] Reading signal/signal_Ntuple_01284_job573390320_00.root
[1286/2503] Reading signal/signal_Ntuple_01285_job573390321_00.root
[1287/2503] Reading signal/signal_Ntuple_01286_job573390322_00.root
[1288/2503] Reading signal/signal_Ntuple_01287_job573390323_00.root
[1289/2503] Reading signal/signal_Ntuple_01288_job573390324_00.root
[1290/2503] Reading signal/signal_Ntuple_01289_job573390325_00.root
[1291/2503] Reading signal/signal_Ntuple_01290_job573390326_00.root
[1292/2503] Reading signal/signal_Ntuple_01291_job573390327_00.root
[1293/2503] Reading signal/signal_Ntuple_01292_job573390328_00.root
[1294/2503] Reading signal/signal_Ntuple_01293_job573390329_00.root
[1295/2503] Reading signal/signal_Ntuple_01294_job573390330_00.root
[1296/2503] Reading signal/signal_Ntuple_01295_job573390331_00.root
[1297/2503] Reading signal/signal_Ntuple_01296_job573390332_00.root
[1298/2503] Reading signal/signal_Ntuple_01297_job573390333_00.root
[1299/2503] Reading signal/signal_Ntuple_01298_job573390334_00.root
[1300/2503] Reading signal/signal_Ntuple_01299_job573390335_00.root
[1301/2503] Reading signal/signal_Ntuple_01300_job573390336_00.root
[1302/2503] Reading signal/signal_Ntuple_01301_job573390337_00.root
[1303/2503] Reading signal/signal_Ntuple_01302_job573390338_00.root
[1304/2503] Reading signal/signal_Ntuple_01303_job573390339_00.root
[1305/2503] Reading signal/signal_Ntuple_01304_job573390340_00.root
[1306/2503] Reading signal/signal_Ntuple_01305_job573390341_00.root
[1307/2503] Reading signal/signal_Ntuple_01306_job573390342_00.root
[1308/2503] Reading signal/signal_Ntuple_01307_job573390343_00.root
[1309/2503] Reading signal/signal_Ntuple_01308_job573390344_00.root
[1310/2503] Reading signal/signal_Ntuple_01309_job573390345_00.root
[1311/2503] Reading signal/signal_Ntuple_01310_job573390346_00.root
[1312/2503] Reading signal/signal_Ntuple_01311_job573390347_00.root
[1313/2503] Reading signal/signal_Ntuple_01312_job573390348_00.root
[1314/2503] Reading signal/signal_Ntuple_01313_job573390349_00.root
[1315/2503] Reading signal/signal_Ntuple_01314_job573390350_00.root
[1316/2503] Reading signal/signal_Ntuple_01315_job573390351_00.root
[1317/2503] Reading signal/signal_Ntuple_01316_job573390352_00.root
[1318/2503] Reading signal/signal_Ntuple_01317_job573390353_00.root
[1319/2503] Reading signal/signal_Ntuple_01318_job573390354_00.root
[1320/2503] Reading signal/signal_Ntuple_01319_job573390355_00.root
[1321/2503] Reading signal/signal_Ntuple_01320_job573390356_00.root
[1322/2503] Reading signal/signal_Ntuple_01321_job573390357_00.root
[1323/2503] Reading signal/signal_Ntuple_01322_job573390358_00.root
[1324/2503] Reading signal/signal_Ntuple_01323_job573390359_00.root
[1325/2503] Reading signal/signal_Ntuple_01324_job573390360_00.root
[1326/2503] Reading signal/signal_Ntuple_01325_job573390361_00.root
[1327/2503] Reading signal/signal_Ntuple_01326_job573390362_00.root
[1328/2503] Reading signal/signal_Ntuple_01327_job573390363_00.root
[1329/2503] Reading signal/signal_Ntuple_01328_job573390364_00.root
[1330/2503] Reading signal/signal_Ntuple_01329_job573390365_00.root
[1331/2503] Reading signal/signal_Ntuple_01330_job573390366_00.root
[1332/2503] Reading signal/signal_Ntuple_01331_job573390367_00.root
[1333/2503] Reading signal/signal_Ntuple_01332_job573390368_00.root
[1334/2503] Reading signal/signal_Ntuple_01333_job573390369_00.root
[1335/2503] Reading signal/signal_Ntuple_01334_job573390370_00.root
[1336/2503] Reading signal/signal_Ntuple_01335_job573390371_00.root
[1337/2503] Reading signal/signal_Ntuple_01336_job573390372_00.root
[1338/2503] Reading signal/signal_Ntuple_01337_job573390373_00.root
[1339/2503] Reading signal/signal_Ntuple_01338_job573390374_00.root
[1340/2503] Reading signal/signal_Ntuple_01339_job573390375_00.root
[1341/2503] Reading signal/signal_Ntuple_01340_job573390376_00.root
[1342/2503] Reading signal/signal_Ntuple_01341_job573390377_00.root
[1343/2503] Reading signal/signal_Ntuple_01342_job573390378_00.root
[1344/2503] Reading signal/signal_Ntuple_01343_job573390379_00.root
[1345/2503] Reading signal/signal_Ntuple_01344_job573390380_00.root
[1346/2503] Reading signal/signal_Ntuple_01345_job573390381_00.root
[1347/2503] Reading signal/signal_Ntuple_01346_job573390382_00.root
[1348/2503] Reading signal/signal_Ntuple_01347_job573390383_00.root
[1349/2503] Reading signal/signal_Ntuple_01348_job573390384_00.root
[1350/2503] Reading signal/signal_Ntuple_01349_job573390385_00.root
[1351/2503] Reading signal/signal_Ntuple_01350_job573390386_00.root
[1352/2503] Reading signal/signal_Ntuple_01351_job573390387_00.root
[1353/2503] Reading signal/signal_Ntuple_01352_job573390388_00.root
[1354/2503] Reading signal/signal_Ntuple_01353_job573390389_00.root
[1355/2503] Reading signal/signal_Ntuple_01354_job573390390_00.root
[1356/2503] Reading signal/signal_Ntuple_01355_job573390391_00.root
[1357/2503] Reading signal/signal_Ntuple_01356_job573390392_00.root
[1358/2503] Reading signal/signal_Ntuple_01357_job573390393_00.root
[1359/2503] Reading signal/signal_Ntuple_01358_job573390394_00.root
[1360/2503] Reading signal/signal_Ntuple_01359_job573390395_00.root
[1361/2503] Reading signal/signal_Ntuple_01360_job573390396_00.root
[1362/2503] Reading signal/signal_Ntuple_01361_job573390397_00.root
[1363/2503] Reading signal/signal_Ntuple_01362_job573390398_00.root
[1364/2503] Reading signal/signal_Ntuple_01363_job573390399_00.root
[1365/2503] Reading signal/signal_Ntuple_01364_job573390400_00.root
[1366/2503] Reading signal/signal_Ntuple_01365_job573390401_00.root
[1367/2503] Reading signal/signal_Ntuple_01366_job573390402_00.root
[1368/2503] Reading signal/signal_Ntuple_01367_job573390403_00.root
[1369/2503] Reading signal/signal_Ntuple_01368_job573390404_00.root
[1370/2503] Reading signal/signal_Ntuple_01369_job573390405_00.root
[1371/2503] Reading signal/signal_Ntuple_01370_job573390406_00.root
[1372/2503] Reading signal/signal_Ntuple_01371_job573390407_00.root
[1373/2503] Reading signal/signal_Ntuple_01372_job573390408_00.root
[1374/2503] Reading signal/signal_Ntuple_01373_job573390409_00.root
[1375/2503] Reading signal/signal_Ntuple_01374_job573390410_00.root
[1376/2503] Reading signal/signal_Ntuple_01375_job573390411_00.root
[1377/2503] Reading signal/signal_Ntuple_01376_job573390412_00.root
[1378/2503] Reading signal/signal_Ntuple_01377_job573390413_00.root
[1379/2503] Reading signal/signal_Ntuple_01378_job573390414_00.root
[1380/2503] Reading signal/signal_Ntuple_01379_job573390415_00.root
[1381/2503] Reading signal/signal_Ntuple_01380_job573390416_00.root
[1382/2503] Reading signal/signal_Ntuple_01381_job573390417_00.root
[1383/2503] Reading signal/signal_Ntuple_01382_job573390418_00.root
[1384/2503] Reading signal/signal_Ntuple_01383_job573390419_00.root
[1385/2503] Reading signal/signal_Ntuple_01384_job573390420_00.root
[1386/2503] Reading signal/signal_Ntuple_01385_job573390421_00.root
[1387/2503] Reading signal/signal_Ntuple_01386_job573390422_00.root
[1388/2503] Reading signal/signal_Ntuple_01387_job573390423_00.root
[1389/2503] Reading signal/signal_Ntuple_01388_job573390424_00.root
[1390/2503] Reading signal/signal_Ntuple_01389_job573390425_00.root
[1391/2503] Reading signal/signal_Ntuple_01390_job573390426_00.root
[1392/2503] Reading signal/signal_Ntuple_01391_job573390427_00.root
[1393/2503] Reading signal/signal_Ntuple_01392_job573390428_00.root
[1394/2503] Reading signal/signal_Ntuple_01393_job573390429_00.root
[1395/2503] Reading signal/signal_Ntuple_01394_job573390430_00.root
[1396/2503] Reading signal/signal_Ntuple_01395_job573390431_00.root
[1397/2503] Reading signal/signal_Ntuple_01396_job573390432_00.root
[1398/2503] Reading signal/signal_Ntuple_01397_job573390433_00.root
[1399/2503] Reading signal/signal_Ntuple_01398_job573390434_00.root
[1400/2503] Reading signal/signal_Ntuple_01399_job573390435_00.root
[1401/2503] Reading signal/signal_Ntuple_01400_job573390436_00.root
[1402/2503] Reading signal/signal_Ntuple_01401_job573390437_00.root
[1403/2503] Reading signal/signal_Ntuple_01402_job573390438_00.root
[1404/2503] Reading signal/signal_Ntuple_01403_job573390439_00.root
[1405/2503] Reading signal/signal_Ntuple_01404_job573390440_00.root
[1406/2503] Reading signal/signal_Ntuple_01405_job573390441_00.root
[1407/2503] Reading signal/signal_Ntuple_01406_job573390442_00.root
[1408/2503] Reading signal/signal_Ntuple_01407_job573390443_00.root
[1409/2503] Reading signal/signal_Ntuple_01408_job573390444_00.root
[1410/2503] Reading signal/signal_Ntuple_01409_job573390445_00.root
[1411/2503] Reading signal/signal_Ntuple_01410_job573390446_00.root
[1412/2503] Reading signal/signal_Ntuple_01411_job573390447_00.root
[1413/2503] Reading signal/signal_Ntuple_01412_job573390448_00.root
[1414/2503] Reading signal/signal_Ntuple_01413_job573390449_00.root
[1415/2503] Reading signal/signal_Ntuple_01414_job573390450_00.root
[1416/2503] Reading signal/signal_Ntuple_01415_job573390451_00.root
[1417/2503] Reading signal/signal_Ntuple_01416_job573390452_00.root
[1418/2503] Reading signal/signal_Ntuple_01417_job573390453_00.root
[1419/2503] Reading signal/signal_Ntuple_01418_job573390454_00.root
[1420/2503] Reading signal/signal_Ntuple_01419_job573390455_00.root
[1421/2503] Reading signal/signal_Ntuple_01420_job573390456_00.root
[1422/2503] Reading signal/signal_Ntuple_01421_job573390457_00.root
[1423/2503] Reading signal/signal_Ntuple_01422_job573390458_00.root
[1424/2503] Reading signal/signal_Ntuple_01423_job573390459_00.root
[1425/2503] Reading signal/signal_Ntuple_01424_job573390460_00.root
[1426/2503] Reading signal/signal_Ntuple_01425_job573390461_00.root
[1427/2503] Reading signal/signal_Ntuple_01426_job573390462_00.root
[1428/2503] Reading signal/signal_Ntuple_01427_job573390463_00.root
[1429/2503] Reading signal/signal_Ntuple_01428_job573390464_00.root
[1430/2503] Reading signal/signal_Ntuple_01429_job573390465_00.root
[1431/2503] Reading signal/signal_Ntuple_01430_job573390466_00.root
[1432/2503] Reading signal/signal_Ntuple_01431_job573390467_00.root
[1433/2503] Reading signal/signal_Ntuple_01432_job573390468_00.root
[1434/2503] Reading signal/signal_Ntuple_01433_job573390469_00.root
[1435/2503] Reading signal/signal_Ntuple_01434_job573390470_00.root
[1436/2503] Reading signal/signal_Ntuple_01435_job573390471_00.root
[1437/2503] Reading signal/signal_Ntuple_01436_job573390472_00.root
[1438/2503] Reading signal/signal_Ntuple_01437_job573390473_00.root
[1439/2503] Reading signal/signal_Ntuple_01438_job573390474_00.root
[1440/2503] Reading signal/signal_Ntuple_01439_job573390475_00.root
[1441/2503] Reading signal/signal_Ntuple_01440_job573390476_00.root
[1442/2503] Reading signal/signal_Ntuple_01441_job573390477_00.root
[1443/2503] Reading signal/signal_Ntuple_01442_job573390478_00.root
[1444/2503] Reading signal/signal_Ntuple_01443_job573390479_00.root
[1445/2503] Reading signal/signal_Ntuple_01444_job573390480_00.root
[1446/2503] Reading signal/signal_Ntuple_01445_job573390481_00.root
[1447/2503] Reading signal/signal_Ntuple_01446_job573390482_00.root
[1448/2503] Reading signal/signal_Ntuple_01447_job573390483_00.root
[1449/2503] Reading signal/signal_Ntuple_01448_job573390484_00.root
[1450/2503] Reading signal/signal_Ntuple_01449_job573390485_00.root
[1451/2503] Reading signal/signal_Ntuple_01450_job573390486_00.root
[1452/2503] Reading signal/signal_Ntuple_01451_job573390487_00.root
[1453/2503] Reading signal/signal_Ntuple_01452_job573390488_00.root
[1454/2503] Reading signal/signal_Ntuple_01453_job573390489_00.root
[1455/2503] Reading signal/signal_Ntuple_01454_job573390490_00.root
[1456/2503] Reading signal/signal_Ntuple_01455_job573390491_00.root
[1457/2503] Reading signal/signal_Ntuple_01456_job573390492_00.root
[1458/2503] Reading signal/signal_Ntuple_01457_job573390493_00.root
[1459/2503] Reading signal/signal_Ntuple_01458_job573390494_00.root
[1460/2503] Reading signal/signal_Ntuple_01459_job573390495_00.root
[1461/2503] Reading signal/signal_Ntuple_01460_job573390496_00.root
[1462/2503] Reading signal/signal_Ntuple_01461_job573390497_00.root
[1463/2503] Reading signal/signal_Ntuple_01462_job573390498_00.root
[1464/2503] Reading signal/signal_Ntuple_01463_job573390499_00.root
[1465/2503] Reading signal/signal_Ntuple_01464_job573390500_00.root
[1466/2503] Reading signal/signal_Ntuple_01465_job573390501_00.root
[1467/2503] Reading signal/signal_Ntuple_01466_job573390502_00.root
[1468/2503] Reading signal/signal_Ntuple_01467_job573390503_00.root
[1469/2503] Reading signal/signal_Ntuple_01468_job573390504_00.root
[1470/2503] Reading signal/signal_Ntuple_01469_job573390505_00.root
[1471/2503] Reading signal/signal_Ntuple_01470_job573390506_00.root
[1472/2503] Reading signal/signal_Ntuple_01471_job573390507_00.root
[1473/2503] Reading signal/signal_Ntuple_01472_job573390508_00.root
[1474/2503] Reading signal/signal_Ntuple_01473_job573390509_00.root
[1475/2503] Reading signal/signal_Ntuple_01474_job573390510_00.root
[1476/2503] Reading signal/signal_Ntuple_01475_job573390511_00.root
[1477/2503] Reading signal/signal_Ntuple_01476_job573390512_00.root
[1478/2503] Reading signal/signal_Ntuple_01477_job573390513_00.root
[1479/2503] Reading signal/signal_Ntuple_01478_job573390514_00.root
[1480/2503] Reading signal/signal_Ntuple_01479_job573390515_00.root
[1481/2503] Reading signal/signal_Ntuple_01480_job573390516_00.root
[1482/2503] Reading signal/signal_Ntuple_01481_job573390517_00.root
[1483/2503] Reading signal/signal_Ntuple_01482_job573390518_00.root
[1484/2503] Reading signal/signal_Ntuple_01483_job573390519_00.root
[1485/2503] Reading signal/signal_Ntuple_01484_job573390520_00.root
[1486/2503] Reading signal/signal_Ntuple_01485_job573390521_00.root
[1487/2503] Reading signal/signal_Ntuple_01486_job573390522_00.root
[1488/2503] Reading signal/signal_Ntuple_01487_job573390523_00.root
[1489/2503] Reading signal/signal_Ntuple_01488_job573390524_00.root
[1490/2503] Reading signal/signal_Ntuple_01489_job573390525_00.root
[1491/2503] Reading signal/signal_Ntuple_01490_job573390526_00.root
[1492/2503] Reading signal/signal_Ntuple_01491_job573390527_00.root
[1493/2503] Reading signal/signal_Ntuple_01492_job573390528_00.root
[1494/2503] Reading signal/signal_Ntuple_01493_job573390529_00.root
[1495/2503] Reading signal/signal_Ntuple_01494_job573390530_00.root
[1496/2503] Reading signal/signal_Ntuple_01495_job573390531_00.root
[1497/2503] Reading signal/signal_Ntuple_01496_job573390532_00.root
[1498/2503] Reading signal/signal_Ntuple_01497_job573390533_00.root
[1499/2503] Reading signal/signal_Ntuple_01498_job573390534_00.root
[1500/2503] Reading signal/signal_Ntuple_01499_job573390535_00.root
[1501/2503] Reading signal/signal_Ntuple_01500_job573390536_00.root
[1502/2503] Reading signal/signal_Ntuple_01501_job573390537_00.root
[1503/2503] Reading signal/signal_Ntuple_01502_job573390538_00.root
[1504/2503] Reading signal/signal_Ntuple_01503_job573390539_00.root
[1505/2503] Reading signal/signal_Ntuple_01504_job573390540_00.root
[1506/2503] Reading signal/signal_Ntuple_01505_job573390541_00.root
[1507/2503] Reading signal/signal_Ntuple_01506_job573390542_00.root
[1508/2503] Reading signal/signal_Ntuple_01507_job573390543_00.root
[1509/2503] Reading signal/signal_Ntuple_01508_job573390544_00.root
[1510/2503] Reading signal/signal_Ntuple_01509_job573390545_00.root
[1511/2503] Reading signal/signal_Ntuple_01510_job573390546_00.root
[1512/2503] Reading signal/signal_Ntuple_01511_job573390547_00.root
[1513/2503] Reading signal/signal_Ntuple_01512_job573390548_00.root
[1514/2503] Reading signal/signal_Ntuple_01513_job573390549_00.root
[1515/2503] Reading signal/signal_Ntuple_01514_job573390550_00.root
[1516/2503] Reading signal/signal_Ntuple_01515_job573390551_00.root
[1517/2503] Reading signal/signal_Ntuple_01516_job573390552_00.root
[1518/2503] Reading signal/signal_Ntuple_01517_job573390553_00.root
[1519/2503] Reading signal/signal_Ntuple_01518_job573390554_00.root
[1520/2503] Reading signal/signal_Ntuple_01519_job573390555_00.root
[1521/2503] Reading signal/signal_Ntuple_01520_job573390556_00.root
[1522/2503] Reading signal/signal_Ntuple_01521_job573390557_00.root
[1523/2503] Reading signal/signal_Ntuple_01522_job573390558_00.root
[1524/2503] Reading signal/signal_Ntuple_01523_job573390559_00.root
[1525/2503] Reading signal/signal_Ntuple_01524_job573390560_00.root
[1526/2503] Reading signal/signal_Ntuple_01525_job573390561_00.root
[1527/2503] Reading signal/signal_Ntuple_01526_job573390562_00.root
[1528/2503] Reading signal/signal_Ntuple_01527_job573390563_00.root
[1529/2503] Reading signal/signal_Ntuple_01528_job573390564_00.root
[1530/2503] Reading signal/signal_Ntuple_01529_job573390565_00.root
[1531/2503] Reading signal/signal_Ntuple_01530_job573390566_00.root
[1532/2503] Reading signal/signal_Ntuple_01531_job573390567_00.root
[1533/2503] Reading signal/signal_Ntuple_01532_job573390568_00.root
[1534/2503] Reading signal/signal_Ntuple_01533_job573390569_00.root
[1535/2503] Reading signal/signal_Ntuple_01534_job573390570_00.root
[1536/2503] Reading signal/signal_Ntuple_01535_job573390571_00.root
[1537/2503] Reading signal/signal_Ntuple_01536_job573390572_00.root
[1538/2503] Reading signal/signal_Ntuple_01537_job573390573_00.root
[1539/2503] Reading signal/signal_Ntuple_01538_job573390574_00.root
[1540/2503] Reading signal/signal_Ntuple_01539_job573390575_00.root
[1541/2503] Reading signal/signal_Ntuple_01540_job573390576_00.root
[1542/2503] Reading signal/signal_Ntuple_01541_job573390577_00.root
[1543/2503] Reading signal/signal_Ntuple_01542_job573390578_00.root
[1544/2503] Reading signal/signal_Ntuple_01543_job573390579_00.root
[1545/2503] Reading signal/signal_Ntuple_01544_job573390580_00.root
[1546/2503] Reading signal/signal_Ntuple_01545_job573390581_00.root
[1547/2503] Reading signal/signal_Ntuple_01546_job573390582_00.root
[1548/2503] Reading signal/signal_Ntuple_01547_job573390583_00.root
[1549/2503] Reading signal/signal_Ntuple_01548_job573390584_00.root
[1550/2503] Reading signal/signal_Ntuple_01549_job573390585_00.root
[1551/2503] Reading signal/signal_Ntuple_01550_job573390586_00.root
[1552/2503] Reading signal/signal_Ntuple_01551_job573390587_00.root
[1553/2503] Reading signal/signal_Ntuple_01552_job573390588_00.root
[1554/2503] Reading signal/signal_Ntuple_01553_job573390589_00.root
[1555/2503] Reading signal/signal_Ntuple_01554_job573390590_00.root
[1556/2503] Reading signal/signal_Ntuple_01555_job573390591_00.root
[1557/2503] Reading signal/signal_Ntuple_01556_job573390592_00.root
[1558/2503] Reading signal/signal_Ntuple_01557_job573390593_00.root
[1559/2503] Reading signal/signal_Ntuple_01558_job573390594_00.root
[1560/2503] Reading signal/signal_Ntuple_01559_job573390595_00.root
[1561/2503] Reading signal/signal_Ntuple_01560_job573390596_00.root
[1562/2503] Reading signal/signal_Ntuple_01561_job573390597_00.root
[1563/2503] Reading signal/signal_Ntuple_01562_job573390598_00.root
[1564/2503] Reading signal/signal_Ntuple_01563_job573390599_00.root
[1565/2503] Reading signal/signal_Ntuple_01564_job573390600_00.root
[1566/2503] Reading signal/signal_Ntuple_01565_job573390601_00.root
[1567/2503] Reading signal/signal_Ntuple_01566_job573390602_00.root
[1568/2503] Reading signal/signal_Ntuple_01567_job573390603_00.root
[1569/2503] Reading signal/signal_Ntuple_01568_job573390604_00.root
[1570/2503] Reading signal/signal_Ntuple_01569_job573390605_00.root
[1571/2503] Reading signal/signal_Ntuple_01570_job573390606_00.root
[1572/2503] Reading signal/signal_Ntuple_01571_job573390607_00.root
[1573/2503] Reading signal/signal_Ntuple_01572_job573390608_00.root
[1574/2503] Reading signal/signal_Ntuple_01573_job573390609_00.root
[1575/2503] Reading signal/signal_Ntuple_01574_job573390610_00.root
[1576/2503] Reading signal/signal_Ntuple_01575_job573390611_00.root
[1577/2503] Reading signal/signal_Ntuple_01576_job573390612_00.root
[1578/2503] Reading signal/signal_Ntuple_01577_job573390613_00.root
[1579/2503] Reading signal/signal_Ntuple_01578_job573390614_00.root
[1580/2503] Reading signal/signal_Ntuple_01579_job573390615_00.root
[1581/2503] Reading signal/signal_Ntuple_01580_job573390616_00.root
[1582/2503] Reading signal/signal_Ntuple_01581_job573390617_00.root
[1583/2503] Reading signal/signal_Ntuple_01582_job573390618_00.root
[1584/2503] Reading signal/signal_Ntuple_01583_job573390619_00.root
[1585/2503] Reading signal/signal_Ntuple_01584_job573390620_00.root
[1586/2503] Reading signal/signal_Ntuple_01585_job573390621_00.root
[1587/2503] Reading signal/signal_Ntuple_01586_job573390622_00.root
[1588/2503] Reading signal/signal_Ntuple_01587_job573390623_00.root
[1589/2503] Reading signal/signal_Ntuple_01588_job573390624_00.root
[1590/2503] Reading signal/signal_Ntuple_01589_job573390625_00.root
[1591/2503] Reading signal/signal_Ntuple_01590_job573390626_00.root
[1592/2503] Reading signal/signal_Ntuple_01591_job573390627_00.root
[1593/2503] Reading signal/signal_Ntuple_01592_job573390628_00.root
[1594/2503] Reading signal/signal_Ntuple_01593_job573390629_00.root
[1595/2503] Reading signal/signal_Ntuple_01594_job573390630_00.root
[1596/2503] Reading signal/signal_Ntuple_01595_job573390631_00.root
[1597/2503] Reading signal/signal_Ntuple_01596_job573390632_00.root
[1598/2503] Reading signal/signal_Ntuple_01597_job573390633_00.root
[1599/2503] Reading signal/signal_Ntuple_01598_job573390634_00.root
[1600/2503] Reading signal/signal_Ntuple_01599_job573390635_00.root
[1601/2503] Reading signal/signal_Ntuple_01600_job573390636_00.root
[1602/2503] Reading signal/signal_Ntuple_01601_job573390637_00.root
[1603/2503] Reading signal/signal_Ntuple_01602_job573390638_00.root
[1604/2503] Reading signal/signal_Ntuple_01603_job573390639_00.root
[1605/2503] Reading signal/signal_Ntuple_01604_job573390640_00.root
[1606/2503] Reading signal/signal_Ntuple_01605_job573390641_00.root
[1607/2503] Reading signal/signal_Ntuple_01606_job573390642_00.root
[1608/2503] Reading signal/signal_Ntuple_01607_job573390643_00.root
[1609/2503] Reading signal/signal_Ntuple_01608_job573390644_00.root
[1610/2503] Reading signal/signal_Ntuple_01609_job573390645_00.root
[1611/2503] Reading signal/signal_Ntuple_01610_job573390646_00.root
[1612/2503] Reading signal/signal_Ntuple_01611_job573390647_00.root
[1613/2503] Reading signal/signal_Ntuple_01612_job573390648_00.root
[1614/2503] Reading signal/signal_Ntuple_01613_job573390649_00.root
[1615/2503] Reading signal/signal_Ntuple_01614_job573390650_00.root
[1616/2503] Reading signal/signal_Ntuple_01615_job573390651_00.root
[1617/2503] Reading signal/signal_Ntuple_01616_job573390652_00.root
[1618/2503] Reading signal/signal_Ntuple_01617_job573390653_00.root
[1619/2503] Reading signal/signal_Ntuple_01618_job573390654_00.root
[1620/2503] Reading signal/signal_Ntuple_01619_job573390655_00.root
[1621/2503] Reading signal/signal_Ntuple_01620_job573390656_00.root
[1622/2503] Reading signal/signal_Ntuple_01621_job573390657_00.root
[1623/2503] Reading signal/signal_Ntuple_01622_job573390658_00.root
[1624/2503] Reading signal/signal_Ntuple_01623_job573390659_00.root
[1625/2503] Reading signal/signal_Ntuple_01624_job573390660_00.root
[1626/2503] Reading signal/signal_Ntuple_01625_job573390661_00.root
[1627/2503] Reading signal/signal_Ntuple_01626_job573390662_00.root
[1628/2503] Reading signal/signal_Ntuple_01627_job573390663_00.root
[1629/2503] Reading signal/signal_Ntuple_01628_job573390664_00.root
[1630/2503] Reading signal/signal_Ntuple_01629_job573390665_00.root
[1631/2503] Reading signal/signal_Ntuple_01630_job573390666_00.root
[1632/2503] Reading signal/signal_Ntuple_01631_job573390667_00.root
[1633/2503] Reading signal/signal_Ntuple_01632_job573390668_00.root
[1634/2503] Reading signal/signal_Ntuple_01633_job573390669_00.root
[1635/2503] Reading signal/signal_Ntuple_01634_job573390670_00.root
[1636/2503] Reading signal/signal_Ntuple_01635_job573390671_00.root
[1637/2503] Reading signal/signal_Ntuple_01636_job573390672_00.root
[1638/2503] Reading signal/signal_Ntuple_01637_job573390673_00.root
[1639/2503] Reading signal/signal_Ntuple_01638_job573390674_00.root
[1640/2503] Reading signal/signal_Ntuple_01639_job573390675_00.root
[1641/2503] Reading signal/signal_Ntuple_01640_job573390676_00.root
[1642/2503] Reading signal/signal_Ntuple_01641_job573390677_00.root
[1643/2503] Reading signal/signal_Ntuple_01642_job573390678_00.root
[1644/2503] Reading signal/signal_Ntuple_01643_job573390679_00.root
[1645/2503] Reading signal/signal_Ntuple_01644_job573390680_00.root
[1646/2503] Reading signal/signal_Ntuple_01645_job573390681_00.root
[1647/2503] Reading signal/signal_Ntuple_01646_job573390682_00.root
[1648/2503] Reading signal/signal_Ntuple_01647_job573390683_00.root
[1649/2503] Reading signal/signal_Ntuple_01648_job573390684_00.root
[1650/2503] Reading signal/signal_Ntuple_01649_job573390685_00.root
[1651/2503] Reading signal/signal_Ntuple_01650_job573390686_00.root
[1652/2503] Reading signal/signal_Ntuple_01651_job573390687_00.root
[1653/2503] Reading signal/signal_Ntuple_01652_job573390688_00.root
[1654/2503] Reading signal/signal_Ntuple_01653_job573390689_00.root
[1655/2503] Reading signal/signal_Ntuple_01654_job573390690_00.root
[1656/2503] Reading signal/signal_Ntuple_01655_job573390691_00.root
[1657/2503] Reading signal/signal_Ntuple_01656_job573390692_00.root
[1658/2503] Reading signal/signal_Ntuple_01657_job573390693_00.root
[1659/2503] Reading signal/signal_Ntuple_01658_job573390694_00.root
[1660/2503] Reading signal/signal_Ntuple_01659_job573390695_00.root
[1661/2503] Reading signal/signal_Ntuple_01660_job573390696_00.root
[1662/2503] Reading signal/signal_Ntuple_01661_job573390697_00.root
[1663/2503] Reading signal/signal_Ntuple_01662_job573390698_00.root
[1664/2503] Reading signal/signal_Ntuple_01663_job573390699_00.root
[1665/2503] Reading signal/signal_Ntuple_01664_job573390700_00.root
[1666/2503] Reading signal/signal_Ntuple_01665_job573390701_00.root
[1667/2503] Reading signal/signal_Ntuple_01666_job573390702_00.root
[1668/2503] Reading signal/signal_Ntuple_01667_job573390703_00.root
[1669/2503] Reading signal/signal_Ntuple_01668_job573390704_00.root
[1670/2503] Reading signal/signal_Ntuple_01669_job573390705_00.root
[1671/2503] Reading signal/signal_Ntuple_01670_job573390706_00.root
[1672/2503] Reading signal/signal_Ntuple_01671_job573390707_00.root
[1673/2503] Reading signal/signal_Ntuple_01672_job573390708_00.root
[1674/2503] Reading signal/signal_Ntuple_01673_job573390709_00.root
[1675/2503] Reading signal/signal_Ntuple_01674_job573390710_00.root
[1676/2503] Reading signal/signal_Ntuple_01675_job573390711_00.root
[1677/2503] Reading signal/signal_Ntuple_01676_job573390712_00.root
[1678/2503] Reading signal/signal_Ntuple_01677_job573390713_00.root
[1679/2503] Reading signal/signal_Ntuple_01678_job573390714_00.root
[1680/2503] Reading signal/signal_Ntuple_01679_job573390715_00.root
[1681/2503] Reading signal/signal_Ntuple_01680_job573390716_00.root
[1682/2503] Reading signal/signal_Ntuple_01681_job573390717_00.root
[1683/2503] Reading signal/signal_Ntuple_01682_job573390718_00.root
[1684/2503] Reading signal/signal_Ntuple_01683_job573390719_00.root
[1685/2503] Reading signal/signal_Ntuple_01684_job573390720_00.root
[1686/2503] Reading signal/signal_Ntuple_01685_job573390721_00.root
[1687/2503] Reading signal/signal_Ntuple_01686_job573390722_00.root
[1688/2503] Reading signal/signal_Ntuple_01687_job573390723_00.root
[1689/2503] Reading signal/signal_Ntuple_01688_job573390724_00.root
[1690/2503] Reading signal/signal_Ntuple_01689_job573390725_00.root
[1691/2503] Reading signal/signal_Ntuple_01690_job573390726_00.root
[1692/2503] Reading signal/signal_Ntuple_01691_job573390727_00.root
[1693/2503] Reading signal/signal_Ntuple_01692_job573390728_00.root
[1694/2503] Reading signal/signal_Ntuple_01693_job573390729_00.root
[1695/2503] Reading signal/signal_Ntuple_01694_job573390730_00.root
[1696/2503] Reading signal/signal_Ntuple_01695_job573390731_00.root
[1697/2503] Reading signal/signal_Ntuple_01696_job573390732_00.root
[1698/2503] Reading signal/signal_Ntuple_01697_job573390733_00.root
[1699/2503] Reading signal/signal_Ntuple_01698_job573390734_00.root
[1700/2503] Reading signal/signal_Ntuple_01699_job573390735_00.root
[1701/2503] Reading signal/signal_Ntuple_01700_job573390736_00.root
[1702/2503] Reading signal/signal_Ntuple_01701_job573390737_00.root
[1703/2503] Reading signal/signal_Ntuple_01702_job573390738_00.root
[1704/2503] Reading signal/signal_Ntuple_01703_job573390739_00.root
[1705/2503] Reading signal/signal_Ntuple_01704_job573390740_00.root
[1706/2503] Reading signal/signal_Ntuple_01705_job573390741_00.root
[1707/2503] Reading signal/signal_Ntuple_01706_job573390742_00.root
[1708/2503] Reading signal/signal_Ntuple_01707_job573390743_00.root
[1709/2503] Reading signal/signal_Ntuple_01708_job573390744_00.root
[1710/2503] Reading signal/signal_Ntuple_01709_job573390745_00.root
[1711/2503] Reading signal/signal_Ntuple_01710_job573390746_00.root
[1712/2503] Reading signal/signal_Ntuple_01711_job573390747_00.root
[1713/2503] Reading signal/signal_Ntuple_01712_job573390748_00.root
[1714/2503] Reading signal/signal_Ntuple_01713_job573390749_00.root
[1715/2503] Reading signal/signal_Ntuple_01714_job573390750_00.root
[1716/2503] Reading signal/signal_Ntuple_01715_job573390751_00.root
[1717/2503] Reading signal/signal_Ntuple_01716_job573390752_00.root
[1718/2503] Reading signal/signal_Ntuple_01717_job573390753_00.root
[1719/2503] Reading signal/signal_Ntuple_01718_job573390754_00.root
[1720/2503] Reading signal/signal_Ntuple_01719_job573390755_00.root
[1721/2503] Reading signal/signal_Ntuple_01720_job573390756_01.root
[1722/2503] Reading signal/signal_Ntuple_01721_job573390757_00.root
[1723/2503] Reading signal/signal_Ntuple_01722_job573390758_00.root
[1724/2503] Reading signal/signal_Ntuple_01723_job573390759_00.root
[1725/2503] Reading signal/signal_Ntuple_01724_job573390760_00.root
[1726/2503] Reading signal/signal_Ntuple_01725_job573390761_00.root
[1727/2503] Reading signal/signal_Ntuple_01726_job573390762_00.root
[1728/2503] Reading signal/signal_Ntuple_01727_job573390763_00.root
[1729/2503] Reading signal/signal_Ntuple_01728_job573390764_00.root
[1730/2503] Reading signal/signal_Ntuple_01729_job573390765_00.root
[1731/2503] Reading signal/signal_Ntuple_01730_job573390766_00.root
[1732/2503] Reading signal/signal_Ntuple_01731_job573390767_00.root
[1733/2503] Reading signal/signal_Ntuple_01732_job573390768_00.root
[1734/2503] Reading signal/signal_Ntuple_01733_job573390769_00.root
[1735/2503] Reading signal/signal_Ntuple_01734_job573390770_00.root
[1736/2503] Reading signal/signal_Ntuple_01735_job573390771_00.root
[1737/2503] Reading signal/signal_Ntuple_01736_job573390772_00.root
[1738/2503] Reading signal/signal_Ntuple_01737_job573390773_00.root
[1739/2503] Reading signal/signal_Ntuple_01738_job573390774_00.root
[1740/2503] Reading signal/signal_Ntuple_01739_job573390775_00.root
[1741/2503] Reading signal/signal_Ntuple_01740_job573390776_00.root
[1742/2503] Reading signal/signal_Ntuple_01741_job573390777_00.root
[1743/2503] Reading signal/signal_Ntuple_01742_job573390778_00.root
[1744/2503] Reading signal/signal_Ntuple_01743_job573390779_00.root
[1745/2503] Reading signal/signal_Ntuple_01744_job573390780_00.root
[1746/2503] Reading signal/signal_Ntuple_01745_job573390781_00.root
[1747/2503] Reading signal/signal_Ntuple_01746_job573390782_00.root
[1748/2503] Reading signal/signal_Ntuple_01747_job573390783_00.root
[1749/2503] Reading signal/signal_Ntuple_01748_job573390784_00.root
[1750/2503] Reading signal/signal_Ntuple_01749_job573390785_00.root
[1751/2503] Reading signal/signal_Ntuple_01750_job573390786_00.root
[1752/2503] Reading signal/signal_Ntuple_01751_job573390787_00.root
[1753/2503] Reading signal/signal_Ntuple_01752_job573390788_00.root
[1754/2503] Reading signal/signal_Ntuple_01753_job573390789_00.root
[1755/2503] Reading signal/signal_Ntuple_01754_job573390790_00.root
[1756/2503] Reading signal/signal_Ntuple_01755_job573390791_00.root
[1757/2503] Reading signal/signal_Ntuple_01756_job573390792_00.root
[1758/2503] Reading signal/signal_Ntuple_01757_job573390793_00.root
[1759/2503] Reading signal/signal_Ntuple_01758_job573390794_00.root
[1760/2503] Reading signal/signal_Ntuple_01759_job573390795_00.root
[1761/2503] Reading signal/signal_Ntuple_01760_job573390796_00.root
[1762/2503] Reading signal/signal_Ntuple_01761_job573390797_00.root
[1763/2503] Reading signal/signal_Ntuple_01762_job573390798_00.root
[1764/2503] Reading signal/signal_Ntuple_01763_job573390799_00.root
[1765/2503] Reading signal/signal_Ntuple_01764_job573390800_00.root
[1766/2503] Reading signal/signal_Ntuple_01765_job573390801_00.root
[1767/2503] Reading signal/signal_Ntuple_01766_job573390802_00.root
[1768/2503] Reading signal/signal_Ntuple_01767_job573390803_00.root
[1769/2503] Reading signal/signal_Ntuple_01768_job573390804_00.root
[1770/2503] Reading signal/signal_Ntuple_01769_job573390805_00.root
[1771/2503] Reading signal/signal_Ntuple_01770_job573390806_00.root
[1772/2503] Reading signal/signal_Ntuple_01771_job573390807_00.root
[1773/2503] Reading signal/signal_Ntuple_01772_job573390808_00.root
[1774/2503] Reading signal/signal_Ntuple_01773_job573390809_00.root
[1775/2503] Reading signal/signal_Ntuple_01774_job573390810_00.root
[1776/2503] Reading signal/signal_Ntuple_01775_job573390811_00.root
[1777/2503] Reading signal/signal_Ntuple_01776_job573390812_00.root
[1778/2503] Reading signal/signal_Ntuple_01777_job573390813_00.root
[1779/2503] Reading signal/signal_Ntuple_01778_job573390814_00.root
[1780/2503] Reading signal/signal_Ntuple_01779_job573390815_00.root
[1781/2503] Reading signal/signal_Ntuple_01780_job573390816_00.root
[1782/2503] Reading signal/signal_Ntuple_01781_job573390817_00.root
[1783/2503] Reading signal/signal_Ntuple_01782_job573390818_00.root
[1784/2503] Reading signal/signal_Ntuple_01783_job573390819_00.root
[1785/2503] Reading signal/signal_Ntuple_01784_job573390820_00.root
[1786/2503] Reading signal/signal_Ntuple_01785_job573390821_00.root
[1787/2503] Reading signal/signal_Ntuple_01786_job573390822_00.root
[1788/2503] Reading signal/signal_Ntuple_01787_job573390823_00.root
[1789/2503] Reading signal/signal_Ntuple_01788_job573390824_00.root
[1790/2503] Reading signal/signal_Ntuple_01789_job573390825_00.root
[1791/2503] Reading signal/signal_Ntuple_01790_job573390826_00.root
[1792/2503] Reading signal/signal_Ntuple_01791_job573390827_00.root
[1793/2503] Reading signal/signal_Ntuple_01792_job573390828_00.root
[1794/2503] Reading signal/signal_Ntuple_01793_job573390829_00.root
[1795/2503] Reading signal/signal_Ntuple_01794_job573390830_00.root
[1796/2503] Reading signal/signal_Ntuple_01795_job573390831_00.root
[1797/2503] Reading signal/signal_Ntuple_01796_job573390832_00.root
[1798/2503] Reading signal/signal_Ntuple_01797_job573390833_00.root
[1799/2503] Reading signal/signal_Ntuple_01798_job573390834_00.root
[1800/2503] Reading signal/signal_Ntuple_01799_job573390835_00.root
[1801/2503] Reading signal/signal_Ntuple_01800_job573390836_00.root
[1802/2503] Reading signal/signal_Ntuple_01801_job573390837_00.root
[1803/2503] Reading signal/signal_Ntuple_01802_job573390838_00.root
[1804/2503] Reading signal/signal_Ntuple_01803_job573390839_00.root
[1805/2503] Reading signal/signal_Ntuple_01804_job573390840_00.root
[1806/2503] Reading signal/signal_Ntuple_01805_job573390841_00.root
[1807/2503] Reading signal/signal_Ntuple_01806_job573390842_00.root
[1808/2503] Reading signal/signal_Ntuple_01807_job573390843_00.root
[1809/2503] Reading signal/signal_Ntuple_01808_job573390844_00.root
[1810/2503] Reading signal/signal_Ntuple_01809_job573390845_00.root
[1811/2503] Reading signal/signal_Ntuple_01810_job573390846_00.root
[1812/2503] Reading signal/signal_Ntuple_01811_job573390847_00.root
[1813/2503] Reading signal/signal_Ntuple_01812_job573390848_00.root
[1814/2503] Reading signal/signal_Ntuple_01813_job573390849_00.root
[1815/2503] Reading signal/signal_Ntuple_01814_job573390850_00.root
[1816/2503] Reading signal/signal_Ntuple_01815_job573390851_00.root
[1817/2503] Reading signal/signal_Ntuple_01816_job573390852_00.root
[1818/2503] Reading signal/signal_Ntuple_01817_job573390853_00.root
[1819/2503] Reading signal/signal_Ntuple_01818_job573390854_00.root
[1820/2503] Reading signal/signal_Ntuple_01819_job573390855_00.root
[1821/2503] Reading signal/signal_Ntuple_01820_job573390856_00.root
[1822/2503] Reading signal/signal_Ntuple_01821_job573390857_00.root
[1823/2503] Reading signal/signal_Ntuple_01822_job573390858_00.root
[1824/2503] Reading signal/signal_Ntuple_01823_job573390859_00.root
[1825/2503] Reading signal/signal_Ntuple_01824_job573390860_00.root
[1826/2503] Reading signal/signal_Ntuple_01825_job573390861_00.root
[1827/2503] Reading signal/signal_Ntuple_01826_job573390862_00.root
[1828/2503] Reading signal/signal_Ntuple_01827_job573390863_00.root
[1829/2503] Reading signal/signal_Ntuple_01828_job573390864_00.root
[1830/2503] Reading signal/signal_Ntuple_01829_job573390865_00.root
[1831/2503] Reading signal/signal_Ntuple_01830_job573390866_00.root
[1832/2503] Reading signal/signal_Ntuple_01831_job573390867_00.root
[1833/2503] Reading signal/signal_Ntuple_01832_job573390868_00.root
[1834/2503] Reading signal/signal_Ntuple_01833_job573390869_00.root
[1835/2503] Reading signal/signal_Ntuple_01834_job573390870_00.root
[1836/2503] Reading signal/signal_Ntuple_01835_job573390871_00.root
[1837/2503] Reading signal/signal_Ntuple_01836_job573390872_00.root
[1838/2503] Reading signal/signal_Ntuple_01837_job573390873_00.root
[1839/2503] Reading signal/signal_Ntuple_01838_job573390874_00.root
[1840/2503] Reading signal/signal_Ntuple_01839_job573390875_00.root
[1841/2503] Reading signal/signal_Ntuple_01840_job573390876_00.root
[1842/2503] Reading signal/signal_Ntuple_01841_job573390877_00.root
[1843/2503] Reading signal/signal_Ntuple_01842_job573390878_00.root
[1844/2503] Reading signal/signal_Ntuple_01843_job573390879_00.root
[1845/2503] Reading signal/signal_Ntuple_01844_job573390880_00.root
[1846/2503] Reading signal/signal_Ntuple_01845_job573390881_00.root
[1847/2503] Reading signal/signal_Ntuple_01846_job573390882_00.root
[1848/2503] Reading signal/signal_Ntuple_01847_job573390883_00.root
[1849/2503] Reading signal/signal_Ntuple_01848_job573390884_00.root
[1850/2503] Reading signal/signal_Ntuple_01849_job573390885_00.root
[1851/2503] Reading signal/signal_Ntuple_01850_job573390886_00.root
[1852/2503] Reading signal/signal_Ntuple_01851_job573390887_00.root
[1853/2503] Reading signal/signal_Ntuple_01852_job573390888_00.root
[1854/2503] Reading signal/signal_Ntuple_01853_job573390889_00.root
[1855/2503] Reading signal/signal_Ntuple_01854_job573390890_00.root
[1856/2503] Reading signal/signal_Ntuple_01855_job573390891_00.root
[1857/2503] Reading signal/signal_Ntuple_01856_job573390892_00.root
[1858/2503] Reading signal/signal_Ntuple_01857_job573390893_00.root
[1859/2503] Reading signal/signal_Ntuple_01858_job573390894_00.root
[1860/2503] Reading signal/signal_Ntuple_01859_job573390895_00.root
[1861/2503] Reading signal/signal_Ntuple_01860_job573390896_00.root
[1862/2503] Reading signal/signal_Ntuple_01861_job573390897_00.root
[1863/2503] Reading signal/signal_Ntuple_01862_job573390898_00.root
[1864/2503] Reading signal/signal_Ntuple_01863_job573390899_00.root
[1865/2503] Reading signal/signal_Ntuple_01864_job573390900_00.root
[1866/2503] Reading signal/signal_Ntuple_01865_job573390901_00.root
[1867/2503] Reading signal/signal_Ntuple_01866_job573390902_00.root
[1868/2503] Reading signal/signal_Ntuple_01867_job573390903_00.root
[1869/2503] Reading signal/signal_Ntuple_01868_job573390904_00.root
[1870/2503] Reading signal/signal_Ntuple_01869_job573390905_00.root
[1871/2503] Reading signal/signal_Ntuple_01870_job573390906_00.root
[1872/2503] Reading signal/signal_Ntuple_01871_job573390907_00.root
[1873/2503] Reading signal/signal_Ntuple_01872_job573390908_00.root
[1874/2503] Reading signal/signal_Ntuple_01873_job573390909_00.root
[1875/2503] Reading signal/signal_Ntuple_01874_job573390910_00.root
[1876/2503] Reading signal/signal_Ntuple_01875_job573390911_00.root
[1877/2503] Reading signal/signal_Ntuple_01876_job573390912_00.root
[1878/2503] Reading signal/signal_Ntuple_01877_job573390913_00.root
[1879/2503] Reading signal/signal_Ntuple_01878_job573390914_00.root
[1880/2503] Reading signal/signal_Ntuple_01879_job573390915_00.root
[1881/2503] Reading signal/signal_Ntuple_01880_job573390916_00.root
[1882/2503] Reading signal/signal_Ntuple_01881_job573390917_00.root
[1883/2503] Reading signal/signal_Ntuple_01882_job573390918_00.root
[1884/2503] Reading signal/signal_Ntuple_01883_job573390919_00.root
[1885/2503] Reading signal/signal_Ntuple_01884_job573390920_00.root
[1886/2503] Reading signal/signal_Ntuple_01885_job573390921_00.root
[1887/2503] Reading signal/signal_Ntuple_01886_job573390922_00.root
[1888/2503] Reading signal/signal_Ntuple_01887_job573390923_00.root
[1889/2503] Reading signal/signal_Ntuple_01888_job573390924_00.root
[1890/2503] Reading signal/signal_Ntuple_01889_job573390925_00.root
[1891/2503] Reading signal/signal_Ntuple_01890_job573390926_00.root
[1892/2503] Reading signal/signal_Ntuple_01891_job573390927_00.root
[1893/2503] Reading signal/signal_Ntuple_01892_job573390928_00.root
[1894/2503] Reading signal/signal_Ntuple_01893_job573390929_00.root
[1895/2503] Reading signal/signal_Ntuple_01894_job573390930_00.root
[1896/2503] Reading signal/signal_Ntuple_01895_job573390931_00.root
[1897/2503] Reading signal/signal_Ntuple_01896_job573390932_00.root
[1898/2503] Reading signal/signal_Ntuple_01897_job573390933_00.root
[1899/2503] Reading signal/signal_Ntuple_01898_job573390934_00.root
[1900/2503] Reading signal/signal_Ntuple_01899_job573390935_00.root
[1901/2503] Reading signal/signal_Ntuple_01900_job573390936_00.root
[1902/2503] Reading signal/signal_Ntuple_01901_job573390937_00.root
[1903/2503] Reading signal/signal_Ntuple_01902_job573390938_00.root
[1904/2503] Reading signal/signal_Ntuple_01903_job573390939_00.root
[1905/2503] Reading signal/signal_Ntuple_01904_job573390940_00.root
[1906/2503] Reading signal/signal_Ntuple_01905_job573390941_00.root
[1907/2503] Reading signal/signal_Ntuple_01906_job573390942_00.root
[1908/2503] Reading signal/signal_Ntuple_01907_job573390943_00.root
[1909/2503] Reading signal/signal_Ntuple_01908_job573390944_00.root
[1910/2503] Reading signal/signal_Ntuple_01909_job573390945_00.root
[1911/2503] Reading signal/signal_Ntuple_01910_job573390946_00.root
[1912/2503] Reading signal/signal_Ntuple_01911_job573390947_00.root
[1913/2503] Reading signal/signal_Ntuple_01912_job573390948_00.root
[1914/2503] Reading signal/signal_Ntuple_01913_job573390949_00.root
[1915/2503] Reading signal/signal_Ntuple_01914_job573390950_00.root
[1916/2503] Reading signal/signal_Ntuple_01915_job573390951_00.root
[1917/2503] Reading signal/signal_Ntuple_01916_job573390952_00.root
[1918/2503] Reading signal/signal_Ntuple_01917_job573390953_00.root
[1919/2503] Reading signal/signal_Ntuple_01918_job573390954_00.root
[1920/2503] Reading signal/signal_Ntuple_01919_job573390955_00.root
[1921/2503] Reading signal/signal_Ntuple_01920_job573390956_00.root
[1922/2503] Reading signal/signal_Ntuple_01921_job573390957_00.root
[1923/2503] Reading signal/signal_Ntuple_01922_job573390958_00.root
[1924/2503] Reading signal/signal_Ntuple_01923_job573390959_00.root
[1925/2503] Reading signal/signal_Ntuple_01924_job573390960_00.root
[1926/2503] Reading signal/signal_Ntuple_01925_job573390961_00.root
[1927/2503] Reading signal/signal_Ntuple_01926_job573390962_00.root
[1928/2503] Reading signal/signal_Ntuple_01927_job573390963_00.root
[1929/2503] Reading signal/signal_Ntuple_01928_job573390964_00.root
[1930/2503] Reading signal/signal_Ntuple_01929_job573390965_00.root
[1931/2503] Reading signal/signal_Ntuple_01930_job573390966_00.root
[1932/2503] Reading signal/signal_Ntuple_01931_job573390967_00.root
[1933/2503] Reading signal/signal_Ntuple_01932_job573390968_00.root
[1934/2503] Reading signal/signal_Ntuple_01933_job573390969_00.root
[1935/2503] Reading signal/signal_Ntuple_01934_job573390970_00.root
[1936/2503] Reading signal/signal_Ntuple_01935_job573390971_00.root
[1937/2503] Reading signal/signal_Ntuple_01936_job573390972_00.root
[1938/2503] Reading signal/signal_Ntuple_01937_job573390973_00.root
[1939/2503] Reading signal/signal_Ntuple_01938_job573390974_00.root
[1940/2503] Reading signal/signal_Ntuple_01939_job573390975_00.root
[1941/2503] Reading signal/signal_Ntuple_01940_job573390976_00.root
[1942/2503] Reading signal/signal_Ntuple_01941_job573390977_00.root
[1943/2503] Reading signal/signal_Ntuple_01942_job573390978_00.root
[1944/2503] Reading signal/signal_Ntuple_01943_job573390979_00.root
[1945/2503] Reading signal/signal_Ntuple_01944_job573390980_00.root
[1946/2503] Reading signal/signal_Ntuple_01945_job573390981_00.root
[1947/2503] Reading signal/signal_Ntuple_01946_job573390982_00.root
[1948/2503] Reading signal/signal_Ntuple_01947_job573390983_00.root
[1949/2503] Reading signal/signal_Ntuple_01948_job573390984_00.root
[1950/2503] Reading signal/signal_Ntuple_01949_job573390985_00.root
[1951/2503] Reading signal/signal_Ntuple_01950_job573390986_00.root
[1952/2503] Reading signal/signal_Ntuple_01951_job573390987_00.root
[1953/2503] Reading signal/signal_Ntuple_01952_job573390988_00.root
[1954/2503] Reading signal/signal_Ntuple_01953_job573390989_00.root
[1955/2503] Reading signal/signal_Ntuple_01954_job573390990_00.root
[1956/2503] Reading signal/signal_Ntuple_01955_job573390991_00.root
[1957/2503] Reading signal/signal_Ntuple_01956_job573390992_00.root
[1958/2503] Reading signal/signal_Ntuple_01957_job573390993_00.root
[1959/2503] Reading signal/signal_Ntuple_01958_job573390994_00.root
[1960/2503] Reading signal/signal_Ntuple_01959_job573390995_00.root
[1961/2503] Reading signal/signal_Ntuple_01960_job573390996_00.root
[1962/2503] Reading signal/signal_Ntuple_01961_job573390997_00.root
[1963/2503] Reading signal/signal_Ntuple_01962_job573390998_00.root
[1964/2503] Reading signal/signal_Ntuple_01963_job573390999_00.root
[1965/2503] Reading signal/signal_Ntuple_01964_job573391000_00.root
[1966/2503] Reading signal/signal_Ntuple_01965_job573391001_00.root
[1967/2503] Reading signal/signal_Ntuple_01966_job573391002_00.root
[1968/2503] Reading signal/signal_Ntuple_01967_job573391003_00.root
[1969/2503] Reading signal/signal_Ntuple_01968_job573391004_00.root
[1970/2503] Reading signal/signal_Ntuple_01969_job573391005_00.root
[1971/2503] Reading signal/signal_Ntuple_01970_job573391006_00.root
[1972/2503] Reading signal/signal_Ntuple_01971_job573391007_00.root
[1973/2503] Reading signal/signal_Ntuple_01972_job573391008_00.root
[1974/2503] Reading signal/signal_Ntuple_01973_job573391009_00.root
[1975/2503] Reading signal/signal_Ntuple_01974_job573391010_00.root
[1976/2503] Reading signal/signal_Ntuple_01975_job573391011_00.root
[1977/2503] Reading signal/signal_Ntuple_01976_job573391012_00.root
[1978/2503] Reading signal/signal_Ntuple_01977_job573391013_00.root
[1979/2503] Reading signal/signal_Ntuple_01978_job573391014_00.root
[1980/2503] Reading signal/signal_Ntuple_01979_job573391015_00.root
[1981/2503] Reading signal/signal_Ntuple_01980_job573391016_00.root
[1982/2503] Reading signal/signal_Ntuple_01981_job573391017_00.root
[1983/2503] Reading signal/signal_Ntuple_01982_job573391018_00.root
[1984/2503] Reading signal/signal_Ntuple_01983_job573391019_00.root
[1985/2503] Reading signal/signal_Ntuple_01984_job573391020_00.root
[1986/2503] Reading signal/signal_Ntuple_01985_job573391021_00.root
[1987/2503] Reading signal/signal_Ntuple_01986_job573391022_00.root
[1988/2503] Reading signal/signal_Ntuple_01987_job573391023_00.root
[1989/2503] Reading signal/signal_Ntuple_01988_job573391024_00.root
[1990/2503] Reading signal/signal_Ntuple_01989_job573391025_00.root
[1991/2503] Reading signal/signal_Ntuple_01990_job573391026_00.root
[1992/2503] Reading signal/signal_Ntuple_01991_job573391027_00.root
[1993/2503] Reading signal/signal_Ntuple_01992_job573391028_00.root
[1994/2503] Reading signal/signal_Ntuple_01993_job573391029_00.root
[1995/2503] Reading signal/signal_Ntuple_01994_job573391030_00.root
[1996/2503] Reading signal/signal_Ntuple_01995_job573391031_00.root
[1997/2503] Reading signal/signal_Ntuple_01996_job573391032_00.root
[1998/2503] Reading signal/signal_Ntuple_01997_job573391033_00.root
[1999/2503] Reading signal/signal_Ntuple_01998_job573391034_00.root
[2000/2503] Reading signal/signal_Ntuple_01999_job573391035_00.root
[2001/2503] Reading signal/signal_Ntuple_02000_job573391036_00.root
[2002/2503] Reading signal/signal_Ntuple_02001_job573391037_00.root
[2003/2503] Reading signal/signal_Ntuple_02002_job573391038_00.root
[2004/2503] Reading signal/signal_Ntuple_02003_job573391039_00.root
[2005/2503] Reading signal/signal_Ntuple_02004_job573391040_00.root
[2006/2503] Reading signal/signal_Ntuple_02005_job573391041_00.root
[2007/2503] Reading signal/signal_Ntuple_02006_job573391042_00.root
[2008/2503] Reading signal/signal_Ntuple_02007_job573391043_00.root
[2009/2503] Reading signal/signal_Ntuple_02008_job573391044_00.root
[2010/2503] Reading signal/signal_Ntuple_02009_job573391045_00.root
[2011/2503] Reading signal/signal_Ntuple_02010_job573391046_00.root
[2012/2503] Reading signal/signal_Ntuple_02011_job573391047_00.root
[2013/2503] Reading signal/signal_Ntuple_02012_job573391048_00.root
[2014/2503] Reading signal/signal_Ntuple_02013_job573391049_00.root
[2015/2503] Reading signal/signal_Ntuple_02014_job573391050_00.root
[2016/2503] Reading signal/signal_Ntuple_02015_job573391051_00.root
[2017/2503] Reading signal/signal_Ntuple_02016_job573391052_00.root
[2018/2503] Reading signal/signal_Ntuple_02017_job573391053_00.root
[2019/2503] Reading signal/signal_Ntuple_02018_job573391054_00.root
[2020/2503] Reading signal/signal_Ntuple_02019_job573391055_00.root
[2021/2503] Reading signal/signal_Ntuple_02020_job573391056_00.root
[2022/2503] Reading signal/signal_Ntuple_02021_job573391057_00.root
[2023/2503] Reading signal/signal_Ntuple_02022_job573391058_00.root
[2024/2503] Reading signal/signal_Ntuple_02023_job573391059_00.root
[2025/2503] Reading signal/signal_Ntuple_02024_job573391060_00.root
[2026/2503] Reading signal/signal_Ntuple_02025_job573391061_00.root
[2027/2503] Reading signal/signal_Ntuple_02026_job573391062_00.root
[2028/2503] Reading signal/signal_Ntuple_02027_job573391063_00.root
[2029/2503] Reading signal/signal_Ntuple_02028_job573391064_00.root
[2030/2503] Reading signal/signal_Ntuple_02029_job573391065_00.root
[2031/2503] Reading signal/signal_Ntuple_02030_job573391066_00.root
[2032/2503] Reading signal/signal_Ntuple_02031_job573391067_00.root
[2033/2503] Reading signal/signal_Ntuple_02032_job573391068_00.root
[2034/2503] Reading signal/signal_Ntuple_02033_job573391069_00.root
[2035/2503] Reading signal/signal_Ntuple_02034_job573391070_00.root
[2036/2503] Reading signal/signal_Ntuple_02035_job573391071_00.root
[2037/2503] Reading signal/signal_Ntuple_02036_job573391072_00.root
[2038/2503] Reading signal/signal_Ntuple_02037_job573391073_00.root
[2039/2503] Reading signal/signal_Ntuple_02038_job573391074_00.root
[2040/2503] Reading signal/signal_Ntuple_02039_job573391075_00.root
[2041/2503] Reading signal/signal_Ntuple_02040_job573391076_00.root
[2042/2503] Reading signal/signal_Ntuple_02041_job573391077_00.root
[2043/2503] Reading signal/signal_Ntuple_02042_job573391078_00.root
[2044/2503] Reading signal/signal_Ntuple_02043_job573391079_00.root
[2045/2503] Reading signal/signal_Ntuple_02044_job573391080_00.root
[2046/2503] Reading signal/signal_Ntuple_02045_job573391081_00.root
[2047/2503] Reading signal/signal_Ntuple_02046_job573391082_00.root
[2048/2503] Reading signal/signal_Ntuple_02047_job573391083_00.root
[2049/2503] Reading signal/signal_Ntuple_02048_job573391084_00.root
[2050/2503] Reading signal/signal_Ntuple_02049_job573391085_00.root
[2051/2503] Reading signal/signal_Ntuple_02050_job573391086_00.root
[2052/2503] Reading signal/signal_Ntuple_02051_job573391087_00.root
[2053/2503] Reading signal/signal_Ntuple_02052_job573391088_00.root
[2054/2503] Reading signal/signal_Ntuple_02053_job573391089_00.root
[2055/2503] Reading signal/signal_Ntuple_02054_job573391090_00.root
[2056/2503] Reading signal/signal_Ntuple_02055_job573391091_01.root
[2057/2503] Reading signal/signal_Ntuple_02056_job573391092_00.root
[2058/2503] Reading signal/signal_Ntuple_02057_job573391093_00.root
[2059/2503] Reading signal/signal_Ntuple_02058_job573391094_00.root
[2060/2503] Reading signal/signal_Ntuple_02059_job573391095_00.root
[2061/2503] Reading signal/signal_Ntuple_02060_job573391096_00.root
[2062/2503] Reading signal/signal_Ntuple_02061_job573391097_00.root
[2063/2503] Reading signal/signal_Ntuple_02062_job573391098_00.root
[2064/2503] Reading signal/signal_Ntuple_02063_job573391099_01.root
[2065/2503] Reading signal/signal_Ntuple_02064_job573391100_00.root
[2066/2503] Reading signal/signal_Ntuple_02065_job573391101_00.root
[2067/2503] Reading signal/signal_Ntuple_02066_job573391102_00.root
[2068/2503] Reading signal/signal_Ntuple_02067_job573391103_00.root
[2069/2503] Reading signal/signal_Ntuple_02068_job573391104_00.root
[2070/2503] Reading signal/signal_Ntuple_02069_job573391105_00.root
[2071/2503] Reading signal/signal_Ntuple_02070_job573391106_00.root
[2072/2503] Reading signal/signal_Ntuple_02071_job573391107_00.root
[2073/2503] Reading signal/signal_Ntuple_02072_job573391108_00.root
[2074/2503] Reading signal/signal_Ntuple_02073_job573391109_00.root
[2075/2503] Reading signal/signal_Ntuple_02074_job573391110_00.root
[2076/2503] Reading signal/signal_Ntuple_02075_job573391111_00.root
[2077/2503] Reading signal/signal_Ntuple_02076_job573391112_00.root
[2078/2503] Reading signal/signal_Ntuple_02077_job573391113_00.root
[2079/2503] Reading signal/signal_Ntuple_02078_job573391114_00.root
[2080/2503] Reading signal/signal_Ntuple_02079_job573391115_00.root
[2081/2503] Reading signal/signal_Ntuple_02080_job573391116_00.root
[2082/2503] Reading signal/signal_Ntuple_02081_job573391117_00.root
[2083/2503] Reading signal/signal_Ntuple_02082_job573391118_00.root
[2084/2503] Reading signal/signal_Ntuple_02083_job573391119_00.root
[2085/2503] Reading signal/signal_Ntuple_02084_job573391120_00.root
[2086/2503] Reading signal/signal_Ntuple_02085_job573391121_00.root
[2087/2503] Reading signal/signal_Ntuple_02086_job573391122_00.root
[2088/2503] Reading signal/signal_Ntuple_02087_job573391123_00.root
[2089/2503] Reading signal/signal_Ntuple_02088_job573391124_00.root
[2090/2503] Reading signal/signal_Ntuple_02089_job573391125_00.root
[2091/2503] Reading signal/signal_Ntuple_02090_job573391126_00.root
[2092/2503] Reading signal/signal_Ntuple_02091_job573391127_00.root
[2093/2503] Reading signal/signal_Ntuple_02092_job573391128_00.root
[2094/2503] Reading signal/signal_Ntuple_02093_job573391129_00.root
[2095/2503] Reading signal/signal_Ntuple_02094_job573391130_00.root
[2096/2503] Reading signal/signal_Ntuple_02095_job573391131_00.root
[2097/2503] Reading signal/signal_Ntuple_02096_job573391132_00.root
[2098/2503] Reading signal/signal_Ntuple_02097_job573391133_00.root
[2099/2503] Reading signal/signal_Ntuple_02098_job573391134_00.root
[2100/2503] Reading signal/signal_Ntuple_02099_job573391135_00.root
[2101/2503] Reading signal/signal_Ntuple_02100_job573391136_00.root
[2102/2503] Reading signal/signal_Ntuple_02101_job573391137_00.root
[2103/2503] Reading signal/signal_Ntuple_02102_job573391138_00.root
[2104/2503] Reading signal/signal_Ntuple_02103_job573391139_00.root
[2105/2503] Reading signal/signal_Ntuple_02104_job573391140_00.root
[2106/2503] Reading signal/signal_Ntuple_02105_job573391141_00.root
[2107/2503] Reading signal/signal_Ntuple_02106_job573391142_00.root
[2108/2503] Reading signal/signal_Ntuple_02107_job573391143_00.root
[2109/2503] Reading signal/signal_Ntuple_02108_job573391144_00.root
[2110/2503] Reading signal/signal_Ntuple_02109_job573391145_00.root
[2111/2503] Reading signal/signal_Ntuple_02110_job573391146_00.root
[2112/2503] Reading signal/signal_Ntuple_02111_job573391147_00.root
[2113/2503] Reading signal/signal_Ntuple_02112_job573391148_00.root
[2114/2503] Reading signal/signal_Ntuple_02113_job573391149_00.root
[2115/2503] Reading signal/signal_Ntuple_02114_job573391150_00.root
[2116/2503] Reading signal/signal_Ntuple_02115_job573391151_00.root
[2117/2503] Reading signal/signal_Ntuple_02116_job573391152_00.root
[2118/2503] Reading signal/signal_Ntuple_02117_job573391153_00.root
[2119/2503] Reading signal/signal_Ntuple_02118_job573391154_00.root
[2120/2503] Reading signal/signal_Ntuple_02119_job573391155_00.root
[2121/2503] Reading signal/signal_Ntuple_02120_job573391156_00.root
[2122/2503] Reading signal/signal_Ntuple_02121_job573391157_00.root
[2123/2503] Reading signal/signal_Ntuple_02122_job573391158_00.root
[2124/2503] Reading signal/signal_Ntuple_02123_job573391159_00.root
[2125/2503] Reading signal/signal_Ntuple_02124_job573391160_00.root
[2126/2503] Reading signal/signal_Ntuple_02125_job573391161_00.root
[2127/2503] Reading signal/signal_Ntuple_02126_job573391162_00.root
[2128/2503] Reading signal/signal_Ntuple_02127_job573391163_00.root
[2129/2503] Reading signal/signal_Ntuple_02128_job573391164_00.root
[2130/2503] Reading signal/signal_Ntuple_02129_job573391165_00.root
[2131/2503] Reading signal/signal_Ntuple_02130_job573391166_00.root
[2132/2503] Reading signal/signal_Ntuple_02131_job573391167_00.root
[2133/2503] Reading signal/signal_Ntuple_02132_job573391168_00.root
[2134/2503] Reading signal/signal_Ntuple_02133_job573391169_00.root
[2135/2503] Reading signal/signal_Ntuple_02134_job573391170_00.root
[2136/2503] Reading signal/signal_Ntuple_02135_job573391171_00.root
[2137/2503] Reading signal/signal_Ntuple_02136_job573391172_00.root
[2138/2503] Reading signal/signal_Ntuple_02137_job573391173_00.root
[2139/2503] Reading signal/signal_Ntuple_02138_job573391174_00.root
[2140/2503] Reading signal/signal_Ntuple_02139_job573391175_00.root
[2141/2503] Reading signal/signal_Ntuple_02140_job573391176_00.root
[2142/2503] Reading signal/signal_Ntuple_02141_job573391177_00.root
[2143/2503] Reading signal/signal_Ntuple_02142_job573391178_00.root
[2144/2503] Reading signal/signal_Ntuple_02143_job573391179_00.root
[2145/2503] Reading signal/signal_Ntuple_02144_job573391180_00.root
[2146/2503] Reading signal/signal_Ntuple_02145_job573391181_00.root
[2147/2503] Reading signal/signal_Ntuple_02146_job573391182_00.root
[2148/2503] Reading signal/signal_Ntuple_02147_job573391183_00.root
[2149/2503] Reading signal/signal_Ntuple_02148_job573391184_00.root
[2150/2503] Reading signal/signal_Ntuple_02149_job573391185_00.root
[2151/2503] Reading signal/signal_Ntuple_02150_job573391186_00.root
[2152/2503] Reading signal/signal_Ntuple_02151_job573391187_00.root
[2153/2503] Reading signal/signal_Ntuple_02152_job573391188_00.root
[2154/2503] Reading signal/signal_Ntuple_02153_job573391189_00.root
[2155/2503] Reading signal/signal_Ntuple_02154_job573391190_00.root
[2156/2503] Reading signal/signal_Ntuple_02155_job573391191_00.root
[2157/2503] Reading signal/signal_Ntuple_02156_job573391192_00.root
[2158/2503] Reading signal/signal_Ntuple_02157_job573391193_00.root
[2159/2503] Reading signal/signal_Ntuple_02158_job573391194_00.root
[2160/2503] Reading signal/signal_Ntuple_02159_job573391195_00.root
[2161/2503] Reading signal/signal_Ntuple_02160_job573391196_00.root
[2162/2503] Reading signal/signal_Ntuple_02161_job573391197_00.root
[2163/2503] Reading signal/signal_Ntuple_02162_job573391198_00.root
[2164/2503] Reading signal/signal_Ntuple_02163_job573391199_00.root
[2165/2503] Reading signal/signal_Ntuple_02164_job573391200_00.root
[2166/2503] Reading signal/signal_Ntuple_02165_job573391201_01.root
[2167/2503] Reading signal/signal_Ntuple_02166_job573391202_00.root
[2168/2503] Reading signal/signal_Ntuple_02167_job573391203_00.root
[2169/2503] Reading signal/signal_Ntuple_02168_job573391204_00.root
[2170/2503] Reading signal/signal_Ntuple_02169_job573391205_00.root
[2171/2503] Reading signal/signal_Ntuple_02170_job573391206_00.root
[2172/2503] Reading signal/signal_Ntuple_02171_job573391207_00.root
[2173/2503] Reading signal/signal_Ntuple_02172_job573391208_00.root
[2174/2503] Reading signal/signal_Ntuple_02173_job573391209_00.root
[2175/2503] Reading signal/signal_Ntuple_02174_job573391210_00.root
[2176/2503] Reading signal/signal_Ntuple_02175_job573391211_00.root
[2177/2503] Reading signal/signal_Ntuple_02176_job573391212_00.root
[2178/2503] Reading signal/signal_Ntuple_02177_job573391213_00.root
[2179/2503] Reading signal/signal_Ntuple_02178_job573391214_00.root
[2180/2503] Reading signal/signal_Ntuple_02179_job573391215_00.root
[2181/2503] Reading signal/signal_Ntuple_02180_job573391216_00.root
[2182/2503] Reading signal/signal_Ntuple_02181_job573391217_00.root
[2183/2503] Reading signal/signal_Ntuple_02182_job573391218_00.root
[2184/2503] Reading signal/signal_Ntuple_02183_job573391219_00.root
[2185/2503] Reading signal/signal_Ntuple_02184_job573391220_00.root
[2186/2503] Reading signal/signal_Ntuple_02185_job573391221_00.root
[2187/2503] Reading signal/signal_Ntuple_02186_job573391222_00.root
[2188/2503] Reading signal/signal_Ntuple_02187_job573391223_00.root
[2189/2503] Reading signal/signal_Ntuple_02188_job573391224_00.root
[2190/2503] Reading signal/signal_Ntuple_02189_job573391225_00.root
[2191/2503] Reading signal/signal_Ntuple_02190_job573391226_00.root
[2192/2503] Reading signal/signal_Ntuple_02191_job573391227_00.root
[2193/2503] Reading signal/signal_Ntuple_02192_job573391228_00.root
[2194/2503] Reading signal/signal_Ntuple_02193_job573391229_00.root
[2195/2503] Reading signal/signal_Ntuple_02194_job573391230_00.root
[2196/2503] Reading signal/signal_Ntuple_02195_job573391231_00.root
[2197/2503] Reading signal/signal_Ntuple_02196_job573391232_00.root
[2198/2503] Reading signal/signal_Ntuple_02197_job573391233_00.root
[2199/2503] Reading signal/signal_Ntuple_02198_job573391234_00.root
[2200/2503] Reading signal/signal_Ntuple_02199_job573391235_00.root
[2201/2503] Reading signal/signal_Ntuple_02200_job573391236_00.root
[2202/2503] Reading signal/signal_Ntuple_02201_job573391237_00.root
[2203/2503] Reading signal/signal_Ntuple_02202_job573391238_00.root
[2204/2503] Reading signal/signal_Ntuple_02203_job573391239_00.root
[2205/2503] Reading signal/signal_Ntuple_02204_job573391240_00.root
[2206/2503] Reading signal/signal_Ntuple_02205_job573391241_00.root
[2207/2503] Reading signal/signal_Ntuple_02206_job573391242_00.root
[2208/2503] Reading signal/signal_Ntuple_02207_job573391243_00.root
[2209/2503] Reading signal/signal_Ntuple_02208_job573391244_00.root
[2210/2503] Reading signal/signal_Ntuple_02209_job573391245_00.root
[2211/2503] Reading signal/signal_Ntuple_02210_job573391246_00.root
[2212/2503] Reading signal/signal_Ntuple_02211_job573391247_00.root
[2213/2503] Reading signal/signal_Ntuple_02212_job573391248_00.root
[2214/2503] Reading signal/signal_Ntuple_02213_job573391249_00.root
[2215/2503] Reading signal/signal_Ntuple_02214_job573391250_00.root
[2216/2503] Reading signal/signal_Ntuple_02215_job573391251_00.root
[2217/2503] Reading signal/signal_Ntuple_02216_job573391252_00.root
[2218/2503] Reading signal/signal_Ntuple_02217_job573391253_00.root
[2219/2503] Reading signal/signal_Ntuple_02218_job573391254_00.root
[2220/2503] Reading signal/signal_Ntuple_02219_job573391255_00.root
[2221/2503] Reading signal/signal_Ntuple_02220_job573391256_00.root
[2222/2503] Reading signal/signal_Ntuple_02221_job573391257_00.root
[2223/2503] Reading signal/signal_Ntuple_02222_job573391258_00.root
[2224/2503] Reading signal/signal_Ntuple_02223_job573391259_00.root
[2225/2503] Reading signal/signal_Ntuple_02224_job573391260_00.root
[2226/2503] Reading signal/signal_Ntuple_02225_job573391261_00.root
[2227/2503] Reading signal/signal_Ntuple_02226_job573391262_00.root
[2228/2503] Reading signal/signal_Ntuple_02227_job573391263_00.root
[2229/2503] Reading signal/signal_Ntuple_02228_job573391264_00.root
[2230/2503] Reading signal/signal_Ntuple_02229_job573391265_00.root
[2231/2503] Reading signal/signal_Ntuple_02230_job573391266_00.root
[2232/2503] Reading signal/signal_Ntuple_02231_job573391267_00.root
[2233/2503] Reading signal/signal_Ntuple_02232_job573391268_00.root
[2234/2503] Reading signal/signal_Ntuple_02233_job573391269_00.root
[2235/2503] Reading signal/signal_Ntuple_02234_job573391270_00.root
[2236/2503] Reading signal/signal_Ntuple_02235_job573391271_00.root
[2237/2503] Reading signal/signal_Ntuple_02236_job573391272_00.root
[2238/2503] Reading signal/signal_Ntuple_02237_job573391273_00.root
[2239/2503] Reading signal/signal_Ntuple_02238_job573391274_00.root
[2240/2503] Reading signal/signal_Ntuple_02239_job573391275_00.root
[2241/2503] Reading signal/signal_Ntuple_02240_job573391276_00.root
[2242/2503] Reading signal/signal_Ntuple_02241_job573391277_00.root
[2243/2503] Reading signal/signal_Ntuple_02242_job573391278_00.root
[2244/2503] Reading signal/signal_Ntuple_02243_job573391279_00.root
[2245/2503] Reading signal/signal_Ntuple_02244_job573391280_00.root
[2246/2503] Reading signal/signal_Ntuple_02245_job573391281_00.root
[2247/2503] Reading signal/signal_Ntuple_02246_job573391282_00.root
[2248/2503] Reading signal/signal_Ntuple_02247_job573391283_00.root
[2249/2503] Reading signal/signal_Ntuple_02248_job573391284_00.root
[2250/2503] Reading signal/signal_Ntuple_02249_job573391285_00.root
[2251/2503] Reading signal/signal_Ntuple_02250_job573391286_00.root
[2252/2503] Reading signal/signal_Ntuple_02251_job573391287_00.root
[2253/2503] Reading signal/signal_Ntuple_02252_job573391288_00.root
[2254/2503] Reading signal/signal_Ntuple_02253_job573391289_00.root
[2255/2503] Reading signal/signal_Ntuple_02254_job573391290_00.root
[2256/2503] Reading signal/signal_Ntuple_02255_job573391291_00.root
[2257/2503] Reading signal/signal_Ntuple_02256_job573391292_00.root
[2258/2503] Reading signal/signal_Ntuple_02257_job573391293_00.root
[2259/2503] Reading signal/signal_Ntuple_02258_job573391294_00.root
[2260/2503] Reading signal/signal_Ntuple_02259_job573391295_00.root
[2261/2503] Reading signal/signal_Ntuple_02260_job573391296_00.root
[2262/2503] Reading signal/signal_Ntuple_02261_job573391297_00.root
[2263/2503] Reading signal/signal_Ntuple_02262_job573391298_00.root
[2264/2503] Reading signal/signal_Ntuple_02263_job573391299_00.root
[2265/2503] Reading signal/signal_Ntuple_02264_job573391300_00.root
[2266/2503] Reading signal/signal_Ntuple_02265_job573391301_00.root
[2267/2503] Reading signal/signal_Ntuple_02266_job573391302_00.root
[2268/2503] Reading signal/signal_Ntuple_02267_job573391303_00.root
[2269/2503] Reading signal/signal_Ntuple_02268_job573391304_00.root
[2270/2503] Reading signal/signal_Ntuple_02269_job573391305_00.root
[2271/2503] Reading signal/signal_Ntuple_02270_job573391306_00.root
[2272/2503] Reading signal/signal_Ntuple_02271_job573391307_00.root
[2273/2503] Reading signal/signal_Ntuple_02272_job573391308_00.root
[2274/2503] Reading signal/signal_Ntuple_02273_job573391309_00.root
[2275/2503] Reading signal/signal_Ntuple_02274_job573391310_00.root
[2276/2503] Reading signal/signal_Ntuple_02275_job573391311_00.root
[2277/2503] Reading signal/signal_Ntuple_02276_job573391312_00.root
[2278/2503] Reading signal/signal_Ntuple_02277_job573391313_00.root
[2279/2503] Reading signal/signal_Ntuple_02278_job573391314_00.root
[2280/2503] Reading signal/signal_Ntuple_02279_job573391315_00.root
[2281/2503] Reading signal/signal_Ntuple_02280_job573391316_00.root
[2282/2503] Reading signal/signal_Ntuple_02281_job573391317_00.root
[2283/2503] Reading signal/signal_Ntuple_02282_job573391318_00.root
[2284/2503] Reading signal/signal_Ntuple_02283_job573391319_00.root
[2285/2503] Reading signal/signal_Ntuple_02284_job573391320_00.root
[2286/2503] Reading signal/signal_Ntuple_02285_job573391321_00.root
[2287/2503] Reading signal/signal_Ntuple_02286_job573391322_00.root
[2288/2503] Reading signal/signal_Ntuple_02287_job573391323_00.root
[2289/2503] Reading signal/signal_Ntuple_02288_job573391324_00.root
[2290/2503] Reading signal/signal_Ntuple_02289_job573391325_00.root
[2291/2503] Reading signal/signal_Ntuple_02290_job573391326_00.root
[2292/2503] Reading signal/signal_Ntuple_02291_job573391327_00.root
[2293/2503] Reading signal/signal_Ntuple_02292_job573391328_00.root
[2294/2503] Reading signal/signal_Ntuple_02293_job573391329_00.root
[2295/2503] Reading signal/signal_Ntuple_02294_job573391330_00.root
[2296/2503] Reading signal/signal_Ntuple_02295_job573391331_00.root
[2297/2503] Reading signal/signal_Ntuple_02296_job573391332_00.root
[2298/2503] Reading signal/signal_Ntuple_02297_job573391333_00.root
[2299/2503] Reading signal/signal_Ntuple_02298_job573391334_00.root
[2300/2503] Reading signal/signal_Ntuple_02299_job573391335_00.root
[2301/2503] Reading signal/signal_Ntuple_02300_job573391336_00.root
[2302/2503] Reading signal/signal_Ntuple_02301_job573391337_00.root
[2303/2503] Reading signal/signal_Ntuple_02302_job573391338_00.root
[2304/2503] Reading signal/signal_Ntuple_02303_job573391339_00.root
[2305/2503] Reading signal/signal_Ntuple_02304_job573391340_01.root
[2306/2503] Reading signal/signal_Ntuple_02305_job573391341_00.root
[2307/2503] Reading signal/signal_Ntuple_02306_job573391342_00.root
[2308/2503] Reading signal/signal_Ntuple_02307_job573391343_00.root
[2309/2503] Reading signal/signal_Ntuple_02308_job573391344_00.root
[2310/2503] Reading signal/signal_Ntuple_02309_job573391345_00.root
[2311/2503] Reading signal/signal_Ntuple_02310_job573391346_00.root
[2312/2503] Reading signal/signal_Ntuple_02311_job573391347_00.root
[2313/2503] Reading signal/signal_Ntuple_02312_job573391348_00.root
[2314/2503] Reading signal/signal_Ntuple_02313_job573391349_00.root
[2315/2503] Reading signal/signal_Ntuple_02314_job573391350_00.root
[2316/2503] Reading signal/signal_Ntuple_02315_job573391351_00.root
[2317/2503] Reading signal/signal_Ntuple_02316_job573391352_00.root
[2318/2503] Reading signal/signal_Ntuple_02317_job573391353_00.root
[2319/2503] Reading signal/signal_Ntuple_02318_job573391354_00.root
[2320/2503] Reading signal/signal_Ntuple_02319_job573391355_00.root
[2321/2503] Reading signal/signal_Ntuple_02320_job573391356_00.root
[2322/2503] Reading signal/signal_Ntuple_02321_job573391357_00.root
[2323/2503] Reading signal/signal_Ntuple_02322_job573391358_00.root
[2324/2503] Reading signal/signal_Ntuple_02323_job573391359_00.root
[2325/2503] Reading signal/signal_Ntuple_02324_job573391360_00.root
[2326/2503] Reading signal/signal_Ntuple_02325_job573391361_00.root
[2327/2503] Reading signal/signal_Ntuple_02326_job573391362_00.root
[2328/2503] Reading signal/signal_Ntuple_02327_job573391363_00.root
[2329/2503] Reading signal/signal_Ntuple_02328_job573391364_00.root
[2330/2503] Reading signal/signal_Ntuple_02329_job573391365_00.root
[2331/2503] Reading signal/signal_Ntuple_02330_job573391366_00.root
[2332/2503] Reading signal/signal_Ntuple_02331_job573391367_00.root
[2333/2503] Reading signal/signal_Ntuple_02332_job573391368_00.root
[2334/2503] Reading signal/signal_Ntuple_02333_job573391369_00.root
[2335/2503] Reading signal/signal_Ntuple_02334_job573391370_00.root
[2336/2503] Reading signal/signal_Ntuple_02335_job573391371_00.root
[2337/2503] Reading signal/signal_Ntuple_02336_job573391372_00.root
[2338/2503] Reading signal/signal_Ntuple_02337_job573391373_00.root
[2339/2503] Reading signal/signal_Ntuple_02338_job573391374_00.root
[2340/2503] Reading signal/signal_Ntuple_02339_job573391375_00.root
[2341/2503] Reading signal/signal_Ntuple_02340_job573391376_00.root
[2342/2503] Reading signal/signal_Ntuple_02341_job573391377_00.root
[2343/2503] Reading signal/signal_Ntuple_02342_job573391378_00.root
[2344/2503] Reading signal/signal_Ntuple_02343_job573391379_00.root
[2345/2503] Reading signal/signal_Ntuple_02344_job573391380_00.root
[2346/2503] Reading signal/signal_Ntuple_02345_job573391381_00.root
[2347/2503] Reading signal/signal_Ntuple_02346_job573391382_00.root
[2348/2503] Reading signal/signal_Ntuple_02347_job573391383_00.root
[2349/2503] Reading signal/signal_Ntuple_02348_job573391384_00.root
[2350/2503] Reading signal/signal_Ntuple_02349_job573391385_00.root
[2351/2503] Reading signal/signal_Ntuple_02350_job573391386_00.root
[2352/2503] Reading signal/signal_Ntuple_02351_job573391387_00.root
[2353/2503] Reading signal/signal_Ntuple_02352_job573391388_00.root
[2354/2503] Reading signal/signal_Ntuple_02353_job573391389_00.root
[2355/2503] Reading signal/signal_Ntuple_02354_job573391390_00.root
[2356/2503] Reading signal/signal_Ntuple_02355_job573391391_00.root
[2357/2503] Reading signal/signal_Ntuple_02356_job573391392_00.root
[2358/2503] Reading signal/signal_Ntuple_02357_job573391393_00.root
[2359/2503] Reading signal/signal_Ntuple_02358_job573391394_00.root
[2360/2503] Reading signal/signal_Ntuple_02359_job573391395_00.root
[2361/2503] Reading signal/signal_Ntuple_02360_job573391396_00.root
[2362/2503] Reading signal/signal_Ntuple_02361_job573391397_00.root
[2363/2503] Reading signal/signal_Ntuple_02362_job573391398_00.root
[2364/2503] Reading signal/signal_Ntuple_02363_job573391399_00.root
[2365/2503] Reading signal/signal_Ntuple_02364_job573391400_00.root
[2366/2503] Reading signal/signal_Ntuple_02365_job573391401_00.root
[2367/2503] Reading signal/signal_Ntuple_02366_job573391402_00.root
[2368/2503] Reading signal/signal_Ntuple_02367_job573391403_00.root
[2369/2503] Reading signal/signal_Ntuple_02368_job573391404_00.root
[2370/2503] Reading signal/signal_Ntuple_02369_job573391405_00.root
[2371/2503] Reading signal/signal_Ntuple_02370_job573391406_00.root
[2372/2503] Reading signal/signal_Ntuple_02371_job573391407_00.root
[2373/2503] Reading signal/signal_Ntuple_02372_job573391408_00.root
[2374/2503] Reading signal/signal_Ntuple_02373_job573391409_00.root
[2375/2503] Reading signal/signal_Ntuple_02374_job573391410_00.root
[2376/2503] Reading signal/signal_Ntuple_02375_job573391411_00.root
[2377/2503] Reading signal/signal_Ntuple_02376_job573391412_00.root
[2378/2503] Reading signal/signal_Ntuple_02377_job573391413_00.root
[2379/2503] Reading signal/signal_Ntuple_02378_job573391414_00.root
[2380/2503] Reading signal/signal_Ntuple_02379_job573391415_00.root
[2381/2503] Reading signal/signal_Ntuple_02380_job573391416_00.root
[2382/2503] Reading signal/signal_Ntuple_02381_job573391417_00.root
[2383/2503] Reading signal/signal_Ntuple_02382_job573391418_00.root
[2384/2503] Reading signal/signal_Ntuple_02383_job573391419_00.root
[2385/2503] Reading signal/signal_Ntuple_02384_job573391420_00.root
[2386/2503] Reading signal/signal_Ntuple_02385_job573391421_00.root
[2387/2503] Reading signal/signal_Ntuple_02386_job573391422_00.root
[2388/2503] Reading signal/signal_Ntuple_02387_job573391423_00.root
[2389/2503] Reading signal/signal_Ntuple_02388_job573391424_00.root
[2390/2503] Reading signal/signal_Ntuple_02389_job573391425_00.root
[2391/2503] Reading signal/signal_Ntuple_02390_job573391426_00.root
[2392/2503] Reading signal/signal_Ntuple_02391_job573391427_00.root
[2393/2503] Reading signal/signal_Ntuple_02392_job573391428_00.root
[2394/2503] Reading signal/signal_Ntuple_02393_job573391429_00.root
[2395/2503] Reading signal/signal_Ntuple_02394_job573391430_00.root
[2396/2503] Reading signal/signal_Ntuple_02395_job573391431_00.root
[2397/2503] Reading signal/signal_Ntuple_02396_job573391432_00.root
[2398/2503] Reading signal/signal_Ntuple_02397_job573391433_00.root
[2399/2503] Reading signal/signal_Ntuple_02398_job573391434_00.root
[2400/2503] Reading signal/signal_Ntuple_02399_job573391435_00.root
[2401/2503] Reading signal/signal_Ntuple_02400_job573391436_00.root
[2402/2503] Reading signal/signal_Ntuple_02401_job573391437_00.root
[2403/2503] Reading signal/signal_Ntuple_02402_job573391438_00.root
[2404/2503] Reading signal/signal_Ntuple_02403_job573391439_00.root
[2405/2503] Reading signal/signal_Ntuple_02404_job573391440_00.root
[2406/2503] Reading signal/signal_Ntuple_02405_job573391441_00.root
[2407/2503] Reading signal/signal_Ntuple_02406_job573391442_00.root
[2408/2503] Reading signal/signal_Ntuple_02407_job573391443_00.root
[2409/2503] Reading signal/signal_Ntuple_02408_job573391444_00.root
[2410/2503] Reading signal/signal_Ntuple_02409_job573391445_00.root
[2411/2503] Reading signal/signal_Ntuple_02410_job573391446_00.root
[2412/2503] Reading signal/signal_Ntuple_02411_job573391447_00.root
[2413/2503] Reading signal/signal_Ntuple_02412_job573391448_00.root
[2414/2503] Reading signal/signal_Ntuple_02413_job573391449_00.root
[2415/2503] Reading signal/signal_Ntuple_02414_job573391450_00.root
[2416/2503] Reading signal/signal_Ntuple_02415_job573391451_00.root
[2417/2503] Reading signal/signal_Ntuple_02416_job573391452_00.root
[2418/2503] Reading signal/signal_Ntuple_02417_job573391453_00.root
[2419/2503] Reading signal/signal_Ntuple_02418_job573391454_00.root
[2420/2503] Reading signal/signal_Ntuple_02419_job573391455_00.root
[2421/2503] Reading signal/signal_Ntuple_02420_job573391456_00.root
[2422/2503] Reading signal/signal_Ntuple_02421_job573391457_00.root
[2423/2503] Reading signal/signal_Ntuple_02422_job573391458_00.root
[2424/2503] Reading signal/signal_Ntuple_02423_job573391459_00.root
[2425/2503] Reading signal/signal_Ntuple_02424_job573391460_00.root
[2426/2503] Reading signal/signal_Ntuple_02425_job573391461_00.root
[2427/2503] Reading signal/signal_Ntuple_02426_job573391462_00.root
[2428/2503] Reading signal/signal_Ntuple_02427_job573391463_00.root
[2429/2503] Reading signal/signal_Ntuple_02428_job573391464_00.root
[2430/2503] Reading signal/signal_Ntuple_02429_job573391465_00.root
[2431/2503] Reading signal/signal_Ntuple_02430_job573391466_00.root
[2432/2503] Reading signal/signal_Ntuple_02431_job573391467_00.root
[2433/2503] Reading signal/signal_Ntuple_02432_job573391468_00.root
[2434/2503] Reading signal/signal_Ntuple_02433_job573391469_00.root
[2435/2503] Reading signal/signal_Ntuple_02434_job573391470_00.root
[2436/2503] Reading signal/signal_Ntuple_02435_job573391471_00.root
[2437/2503] Reading signal/signal_Ntuple_02436_job573391472_00.root
[2438/2503] Reading signal/signal_Ntuple_02437_job573391473_00.root
[2439/2503] Reading signal/signal_Ntuple_02438_job573391474_00.root
[2440/2503] Reading signal/signal_Ntuple_02439_job573391475_00.root
[2441/2503] Reading signal/signal_Ntuple_02440_job573391476_00.root
[2442/2503] Reading signal/signal_Ntuple_02441_job573391477_00.root
[2443/2503] Reading signal/signal_Ntuple_02442_job573391478_00.root
[2444/2503] Reading signal/signal_Ntuple_02443_job573391479_00.root
[2445/2503] Reading signal/signal_Ntuple_02444_job573391480_00.root
[2446/2503] Reading signal/signal_Ntuple_02445_job573391481_00.root
[2447/2503] Reading signal/signal_Ntuple_02446_job573391482_00.root
[2448/2503] Reading signal/signal_Ntuple_02447_job573391483_00.root
[2449/2503] Reading signal/signal_Ntuple_02448_job573391484_00.root
[2450/2503] Reading signal/signal_Ntuple_02449_job573391485_00.root
[2451/2503] Reading signal/signal_Ntuple_02450_job573391486_00.root
[2452/2503] Reading signal/signal_Ntuple_02451_job573391487_00.root
[2453/2503] Reading signal/signal_Ntuple_02452_job573391488_00.root
[2454/2503] Reading signal/signal_Ntuple_02453_job573391489_00.root
[2455/2503] Reading signal/signal_Ntuple_02454_job573391490_00.root
[2456/2503] Reading signal/signal_Ntuple_02455_job573391491_00.root
[2457/2503] Reading signal/signal_Ntuple_02456_job573391492_00.root
[2458/2503] Reading signal/signal_Ntuple_02457_job573391493_00.root
[2459/2503] Reading signal/signal_Ntuple_02458_job573391494_00.root
[2460/2503] Reading signal/signal_Ntuple_02459_job573391495_00.root
[2461/2503] Reading signal/signal_Ntuple_02460_job573391496_00.root
[2462/2503] Reading signal/signal_Ntuple_02461_job573391497_00.root
[2463/2503] Reading signal/signal_Ntuple_02462_job573391498_00.root
[2464/2503] Reading signal/signal_Ntuple_02463_job573391499_00.root
[2465/2503] Reading signal/signal_Ntuple_02464_job573391500_00.root
[2466/2503] Reading signal/signal_Ntuple_02465_job573391501_00.root
[2467/2503] Reading signal/signal_Ntuple_02466_job573391502_00.root
[2468/2503] Reading signal/signal_Ntuple_02467_job573391503_00.root
[2469/2503] Reading signal/signal_Ntuple_02468_job573391504_00.root
[2470/2503] Reading signal/signal_Ntuple_02469_job573391505_00.root
[2471/2503] Reading signal/signal_Ntuple_02470_job573391506_00.root
[2472/2503] Reading signal/signal_Ntuple_02471_job573391507_00.root
[2473/2503] Reading signal/signal_Ntuple_02472_job573391508_00.root
[2474/2503] Reading signal/signal_Ntuple_02473_job573391509_00.root
[2475/2503] Reading signal/signal_Ntuple_02474_job573391510_00.root
[2476/2503] Reading signal/signal_Ntuple_02475_job573391511_00.root
[2477/2503] Reading signal/signal_Ntuple_02476_job573391512_00.root
[2478/2503] Reading signal/signal_Ntuple_02477_job573391513_00.root
[2479/2503] Reading signal/signal_Ntuple_02478_job573391514_00.root
[2480/2503] Reading signal/signal_Ntuple_02479_job573391515_00.root
[2481/2503] Reading signal/signal_Ntuple_02480_job573391516_00.root
[2482/2503] Reading signal/signal_Ntuple_02481_job573391517_00.root
[2483/2503] Reading signal/signal_Ntuple_02482_job573391518_00.root
[2484/2503] Reading signal/signal_Ntuple_02483_job573391519_00.root
[2485/2503] Reading signal/signal_Ntuple_02484_job573391520_00.root
[2486/2503] Reading signal/signal_Ntuple_02485_job573391521_00.root
[2487/2503] Reading signal/signal_Ntuple_02486_job573391522_00.root
[2488/2503] Reading signal/signal_Ntuple_02487_job573391523_00.root
[2489/2503] Reading signal/signal_Ntuple_02488_job573391524_00.root
[2490/2503] Reading signal/signal_Ntuple_02489_job573391525_00.root
[2491/2503] Reading signal/signal_Ntuple_02490_job573391526_00.root
[2492/2503] Reading signal/signal_Ntuple_02491_job573391527_00.root
[2493/2503] Reading signal/signal_Ntuple_02492_job573391528_00.root
[2494/2503] Reading signal/signal_Ntuple_02493_job573391529_00.root
[2495/2503] Reading signal/signal_Ntuple_02494_job573391530_00.root
[2496/2503] Reading signal/signal_Ntuple_02495_job573391531_00.root
[2497/2503] Reading signal/signal_Ntuple_02496_job573391532_00.root
[2498/2503] Reading signal/signal_Ntuple_02497_job573391533_00.root
[2499/2503] Reading signal/signal_Ntuple_02498_job573391534_00.root
[2500/2503] Reading signal/signal_Ntuple_02499_job573391535_00.root
[2501/2503] Reading signal/signal_Ntuple_02500_job573391536_00.root
[2502/2503] Reading signal/signal_Ntuple_02501_job573391537_00.root
[2503/2503] Reading signal/signal_Ntuple_02502_job573391538_00.root
Collected 215,885 events from signal with dtype=float32

Reading background (maximum 6,476,550 events)...
[1/2503] Reading background/background_Ntuple_00000_job573389011_00.root
[2/2503] Reading background/background_Ntuple_00001_job573389012_00.root
[3/2503] Reading background/background_Ntuple_00002_job573389013_00.root
[4/2503] Reading background/background_Ntuple_00003_job573389014_00.root
[5/2503] Reading background/background_Ntuple_00004_job573389015_00.root
[6/2503] Reading background/background_Ntuple_00005_job573389016_00.root
[7/2503] Reading background/background_Ntuple_00006_job573389017_00.root
[8/2503] Reading background/background_Ntuple_00007_job573389018_00.root
[9/2503] Reading background/background_Ntuple_00008_job573389019_00.root
[10/2503] Reading background/background_Ntuple_00009_job573389020_00.root
[11/2503] Reading background/background_Ntuple_00010_job573389021_00.root
[12/2503] Reading background/background_Ntuple_00011_job573389022_00.root
[13/2503] Reading background/background_Ntuple_00012_job573389023_00.root
[14/2503] Reading background/background_Ntuple_00013_job573389024_00.root
[15/2503] Reading background/background_Ntuple_00014_job573389025_00.root
[16/2503] Reading background/background_Ntuple_00015_job573389026_00.root
[17/2503] Reading background/background_Ntuple_00016_job573389027_00.root
[18/2503] Reading background/background_Ntuple_00017_job573389028_00.root
[19/2503] Reading background/background_Ntuple_00018_job573389029_00.root
[20/2503] Reading background/background_Ntuple_00019_job573389030_00.root
[21/2503] Reading background/background_Ntuple_00020_job573389031_00.root
Collected 6,476,550 events from background with dtype=float32

Dataset summary
  signal:     215,885
  background: 6,476,550
  background/signal: 30.000

Signal region population
  total:              215,885
  Region A:           203,062
  Region B:           4,703
  Region C:           4,552
  Region D:           3,568
  classified total:   215,885
  non-finite region:  0
  Region A fraction: 0.940603
  Region B fraction: 0.021785
  Region C fraction: 0.021085
  Region D fraction: 0.016527

Background region population
  total:              6,476,550
  Region A:           793,660
  Region B:           802,863
  Region C:           3,758,337
  Region D:           1,121,690
  classified total:   6,476,550
  non-finite region:  0
  Region A fraction: 0.122544
  Region B fraction: 0.123965
  Region C fraction: 0.580299
  Region D fraction: 0.173193

Train/validation split
  signal train:          161,913
  signal validation:     53,972
  background train:      4,857,412
  background validation: 1,619,138

Validation region population
  Region A: signal=50,734, background=198,306, action=train/evaluate
  Region B: signal=1,178, background=200,533, action=reject all
  Region C: signal=1,178, background=939,767, action=reject all
  Region D: signal=882, background=280,532, action=reject all

Training policy
  Region A: train quadratic logistic regression
  Region B: reject all (no training)
  Region C: reject all (no training)
  Region D: reject all (no training)

Region A logistic training input
  signal usable:         152,328
  background usable:     595,354
  signal non-finite:     0
  background non-finite: 0
  original features:     15
  quadratic features:    135
  temporary polynomial cache: 0.376 GiB

Region A logistic training result
  signal:              152,328
  background:          595,354
  original features:   15
  quadratic features:  135
  iterations:          81

Region A validation input
  signal usable:         50,734
  background usable:     198,306
  signal non-finite:     0
  background non-finite: 0

Validation AUC
  Region A: 0.951126
  Region B: not trained (reject all)
  Region C: not trained (reject all)
  Region D: not trained (reject all)

=== OPTIMAL VALIDATION CUT @ overall efficiency >= 0.4000 ===
Region A threshold: 2.3980159018
Region B: REJECT ALL
Region C: REJECT ALL
Region D: REJECT ALL
Signal efficiency:   0.401041 (21,645/53,972)
Background rejection: 0.997421
Background retention: 0.002579 (4,176/1,619,138)
Maximum overall signal efficiency with A only: 0.940006

Region working points

Region A
  signal efficiency:    0.426637 (21,645/50,734)
  background retention: 0.021058 (4,176/198,306)
  background rejection: 0.978942

Region B
  action:               REJECT ALL
  signal efficiency:    0.000000 (0/1,178)
  background retention: 0.000000 (0/200,533)
  background rejection: 1.000000

Region C
  action:               REJECT ALL
  signal efficiency:    0.000000 (0/1,178)
  background retention: 0.000000 (0/939,767)
  background rejection: 1.000000

Region D
  action:               REJECT ALL
  signal efficiency:    0.000000 (0/882)
  background retention: 0.000000 (0/280,532)
  background rejection: 1.000000

=== basf2 quadratic logistic alias ===
# Region A only. Regions B/C/D are rejected without training.
# Region A condition: strict2 > 0.5
# optimized Region A threshold: 2.398015901795199
va.variables.addAlias(
    "LR_score_A_quad",
    "formula((0.1186688840389252) + (0.2055148780345917)*(((thrustAxisCosTheta-(0.5146591413059449))/(0.4293886338681585))) + (-0.0549737960100174)*(((genTotalPhotonsEnergyOfEvent-(2.275976616651866))/(1.701732626123625))) + (-0.2284597605466843)*(((pt_sum_gencut-(6.798332307135105))/(2.327924768090643))) + (-0.4824159145355225)*(((Ntrack_gencut-(6.380391663835695))/(1.711191225122634))) + (0.2278170585632324)*(((cosTBz-(0.5950749008205581))/(0.2947507726445153))) + (0.02244050800800323)*(((foxWolframR1-(0.01081985664397396))/(0.04871152680809205))) + (-0.4640422463417053)*(((nParticlesInList__botau__pl__clfake_strict0__bc-(25.64691138746151))/(23.6254377377478))) + (0.1128687337040901)*(((nParticlesInList__botau__pl__clfake_strict2__bc-(1.752246275823144))/(1.162838617211971))) + (-0.1439648568630219)*(((sumValueInList__botau__pl__clBCS_strict_deltaE2__cm__spM__bc-(1.849384925862775))/(0.3868020880377942))) + (0.6606563329696655)*(((sumValueInList__botau__pl__clBCS_strict_deltaE2__cm__spdeltaE__bc-(-0.5622677670186995))/(0.2934337790981981))) + (-0.6297210454940796)*(((sumValueInList__botau__pl__clBCS_strict_deltaE2__cm__spMbc__bc-(2.970287399442505))/(0.5417830982981453))) + (-0.3730591535568237)*(((sumValueInList__botau__pl__clBCS_strict_dM2__cm__spM__bc-(1.812249086670265))/(0.3316852184507579))) + (0.5768011808395386)*(((sumValueInList__botau__pl__clBCS_strict_dM2__cm__spdeltaE__bc-(-0.6152694269953234))/(0.2907571499778808))) + (-0.5975413918495178)*(((sumValueInList__botau__pl__clBCS_strict_dM2__cm__spMbc__bc-(3.027244666078906))/(0.5255793101404719))) + (0.2500165998935699)*(((sumValueInList__botau__pl__clBCS_strict_dM2__cmdaughterHighest__bop__bc__bc-(3.143958461381385))/(0.9465581819457167))) + (0.08113214373588562)*((((thrustAxisCosTheta-(0.5146591413059449))/(0.4293886338681585))^2)) + (-0.00777830695733428)*(((thrustAxisCosTheta-(0.5146591413059449))/(0.4293886338681585))*((genTotalPhotonsEnergyOfEvent-(2.275976616651866))/(1.701732626123625))) + (0.0390806756913662)*(((thrustAxisCosTheta-(0.5146591413059449))/(0.4293886338681585))*((pt_sum_gencut-(6.798332307135105))/(2.327924768090643))) + (-0.06220989301800728)*(((thrustAxisCosTheta-(0.5146591413059449))/(0.4293886338681585))*((Ntrack_gencut-(6.380391663835695))/(1.711191225122634))) + (0.03568518534302711)*(((thrustAxisCosTheta-(0.5146591413059449))/(0.4293886338681585))*((cosTBz-(0.5950749008205581))/(0.2947507726445153))) + (0.0002008324372582138)*(((thrustAxisCosTheta-(0.5146591413059449))/(0.4293886338681585))*((foxWolframR1-(0.01081985664397396))/(0.04871152680809205))) + (0.06098149716854095)*(((thrustAxisCosTheta-(0.5146591413059449))/(0.4293886338681585))*((nParticlesInList__botau__pl__clfake_strict0__bc-(25.64691138746151))/(23.6254377377478))) + (0.007879340089857578)*(((thrustAxisCosTheta-(0.5146591413059449))/(0.4293886338681585))*((nParticlesInList__botau__pl__clfake_strict2__bc-(1.752246275823144))/(1.162838617211971))) + (0.06303373724222183)*(((thrustAxisCosTheta-(0.5146591413059449))/(0.4293886338681585))*((sumValueInList__botau__pl__clBCS_strict_deltaE2__cm__spM__bc-(1.849384925862775))/(0.3868020880377942))) + (-0.1079274341464043)*(((thrustAxisCosTheta-(0.5146591413059449))/(0.4293886338681585))*((sumValueInList__botau__pl__clBCS_strict_deltaE2__cm__spdeltaE__bc-(-0.5622677670186995))/(0.2934337790981981))) + (-0.0625104159116745)*(((thrustAxisCosTheta-(0.5146591413059449))/(0.4293886338681585))*((sumValueInList__botau__pl__clBCS_strict_deltaE2__cm__spMbc__bc-(2.970287399442505))/(0.5417830982981453))) + (0.03626422211527824)*(((thrustAxisCosTheta-(0.5146591413059449))/(0.4293886338681585))*((sumValueInList__botau__pl__clBCS_strict_dM2__cm__spM__bc-(1.812249086670265))/(0.3316852184507579))) + (-0.06294599175453186)*(((thrustAxisCosTheta-(0.5146591413059449))/(0.4293886338681585))*((sumValueInList__botau__pl__clBCS_strict_dM2__cm__spdeltaE__bc-(-0.6152694269953234))/(0.2907571499778808))) + (-0.08610847592353821)*(((thrustAxisCosTheta-(0.5146591413059449))/(0.4293886338681585))*((sumValueInList__botau__pl__clBCS_strict_dM2__cm__spMbc__bc-(3.027244666078906))/(0.5255793101404719))) + (0.0002310115960426629)*(((thrustAxisCosTheta-(0.5146591413059449))/(0.4293886338681585))*((sumValueInList__botau__pl__clBCS_strict_dM2__cmdaughterHighest__bop__bc__bc-(3.143958461381385))/(0.9465581819457167))) + (-0.1195145547389984)*((((genTotalPhotonsEnergyOfEvent-(2.275976616651866))/(1.701732626123625))^2)) + (-0.07064411789178848)*(((genTotalPhotonsEnergyOfEvent-(2.275976616651866))/(1.701732626123625))*((pt_sum_gencut-(6.798332307135105))/(2.327924768090643))) + (0.03135225549340248)*(((genTotalPhotonsEnergyOfEvent-(2.275976616651866))/(1.701732626123625))*((Ntrack_gencut-(6.380391663835695))/(1.711191225122634))) + (-0.03491450101137161)*(((genTotalPhotonsEnergyOfEvent-(2.275976616651866))/(1.701732626123625))*((cosTBz-(0.5950749008205581))/(0.2947507726445153))) + (-0.02742075547575951)*(((genTotalPhotonsEnergyOfEvent-(2.275976616651866))/(1.701732626123625))*((foxWolframR1-(0.01081985664397396))/(0.04871152680809205))) + (-0.007818615064024925)*(((genTotalPhotonsEnergyOfEvent-(2.275976616651866))/(1.701732626123625))*((nParticlesInList__botau__pl__clfake_strict0__bc-(25.64691138746151))/(23.6254377377478))) + (-0.0572962611913681)*(((genTotalPhotonsEnergyOfEvent-(2.275976616651866))/(1.701732626123625))*((nParticlesInList__botau__pl__clfake_strict2__bc-(1.752246275823144))/(1.162838617211971))) + (0.01721076481044292)*(((genTotalPhotonsEnergyOfEvent-(2.275976616651866))/(1.701732626123625))*((sumValueInList__botau__pl__clBCS_strict_deltaE2__cm__spM__bc-(1.849384925862775))/(0.3868020880377942))) + (-0.02098436839878559)*(((genTotalPhotonsEnergyOfEvent-(2.275976616651866))/(1.701732626123625))*((sumValueInList__botau__pl__clBCS_strict_deltaE2__cm__spdeltaE__bc-(-0.5622677670186995))/(0.2934337790981981))) + (0.005118965171277523)*(((genTotalPhotonsEnergyOfEvent-(2.275976616651866))/(1.701732626123625))*((sumValueInList__botau__pl__clBCS_strict_deltaE2__cm__spMbc__bc-(2.970287399442505))/(0.5417830982981453))) + (0.01688759215176105)*(((genTotalPhotonsEnergyOfEvent-(2.275976616651866))/(1.701732626123625))*((sumValueInList__botau__pl__clBCS_strict_dM2__cm__spM__bc-(1.812249086670265))/(0.3316852184507579))) + (0.02546093799173832)*(((genTotalPhotonsEnergyOfEvent-(2.275976616651866))/(1.701732626123625))*((sumValueInList__botau__pl__clBCS_strict_dM2__cm__spdeltaE__bc-(-0.6152694269953234))/(0.2907571499778808))) + (0.007848691195249557)*(((genTotalPhotonsEnergyOfEvent-(2.275976616651866))/(1.701732626123625))*((sumValueInList__botau__pl__clBCS_strict_dM2__cm__spMbc__bc-(3.027244666078906))/(0.5255793101404719))) + (0.07027687877416611)*(((genTotalPhotonsEnergyOfEvent-(2.275976616651866))/(1.701732626123625))*((sumValueInList__botau__pl__clBCS_strict_dM2__cmdaughterHighest__bop__bc__bc-(3.143958461381385))/(0.9465581819457167))) + (-0.4098920524120331)*((((pt_sum_gencut-(6.798332307135105))/(2.327924768090643))^2)) + (-0.0001705346221569926)*(((pt_sum_gencut-(6.798332307135105))/(2.327924768090643))*((Ntrack_gencut-(6.380391663835695))/(1.711191225122634))) + (-0.06275465339422226)*(((pt_sum_gencut-(6.798332307135105))/(2.327924768090643))*((cosTBz-(0.5950749008205581))/(0.2947507726445153))) + (0.02861950732767582)*(((pt_sum_gencut-(6.798332307135105))/(2.327924768090643))*((foxWolframR1-(0.01081985664397396))/(0.04871152680809205))) + (-0.2371815294027328)*(((pt_sum_gencut-(6.798332307135105))/(2.327924768090643))*((nParticlesInList__botau__pl__clfake_strict0__bc-(25.64691138746151))/(23.6254377377478))) + (0.03816239908337593)*(((pt_sum_gencut-(6.798332307135105))/(2.327924768090643))*((nParticlesInList__botau__pl__clfake_strict2__bc-(1.752246275823144))/(1.162838617211971))) + (0.02075269445776939)*(((pt_sum_gencut-(6.798332307135105))/(2.327924768090643))*((sumValueInList__botau__pl__clBCS_strict_deltaE2__cm__spM__bc-(1.849384925862775))/(0.3868020880377942))) + (0.2842419445514679)*(((pt_sum_gencut-(6.798332307135105))/(2.327924768090643))*((sumValueInList__botau__pl__clBCS_strict_deltaE2__cm__spdeltaE__bc-(-0.5622677670186995))/(0.2934337790981981))) + (-0.09046971797943115)*(((pt_sum_gencut-(6.798332307135105))/(2.327924768090643))*((sumValueInList__botau__pl__clBCS_strict_deltaE2__cm__spMbc__bc-(2.970287399442505))/(0.5417830982981453))) + (0.03874855861067772)*(((pt_sum_gencut-(6.798332307135105))/(2.327924768090643))*((sumValueInList__botau__pl__clBCS_strict_dM2__cm__spM__bc-(1.812249086670265))/(0.3316852184507579))) + (0.2514238059520721)*(((pt_sum_gencut-(6.798332307135105))/(2.327924768090643))*((sumValueInList__botau__pl__clBCS_strict_dM2__cm__spdeltaE__bc-(-0.6152694269953234))/(0.2907571499778808))) + (0.08873993158340454)*(((pt_sum_gencut-(6.798332307135105))/(2.327924768090643))*((sumValueInList__botau__pl__clBCS_strict_dM2__cm__spMbc__bc-(3.027244666078906))/(0.5255793101404719))) + (-0.04524453356862068)*(((pt_sum_gencut-(6.798332307135105))/(2.327924768090643))*((sumValueInList__botau__pl__clBCS_strict_dM2__cmdaughterHighest__bop__bc__bc-(3.143958461381385))/(0.9465581819457167))) + (-0.2510567605495453)*((((Ntrack_gencut-(6.380391663835695))/(1.711191225122634))^2)) + (-0.06614241003990173)*(((Ntrack_gencut-(6.380391663835695))/(1.711191225122634))*((cosTBz-(0.5950749008205581))/(0.2947507726445153))) + (0.05272238329052925)*(((Ntrack_gencut-(6.380391663835695))/(1.711191225122634))*((foxWolframR1-(0.01081985664397396))/(0.04871152680809205))) + (-0.07549957931041718)*(((Ntrack_gencut-(6.380391663835695))/(1.711191225122634))*((nParticlesInList__botau__pl__clfake_strict0__bc-(25.64691138746151))/(23.6254377377478))) + (-0.04625397920608521)*(((Ntrack_gencut-(6.380391663835695))/(1.711191225122634))*((nParticlesInList__botau__pl__clfake_strict2__bc-(1.752246275823144))/(1.162838617211971))) + (-0.04665509611368179)*(((Ntrack_gencut-(6.380391663835695))/(1.711191225122634))*((sumValueInList__botau__pl__clBCS_strict_deltaE2__cm__spM__bc-(1.849384925862775))/(0.3868020880377942))) + (-0.01572211645543575)*(((Ntrack_gencut-(6.380391663835695))/(1.711191225122634))*((sumValueInList__botau__pl__clBCS_strict_deltaE2__cm__spdeltaE__bc-(-0.5622677670186995))/(0.2934337790981981))) + (0.004707342945039272)*(((Ntrack_gencut-(6.380391663835695))/(1.711191225122634))*((sumValueInList__botau__pl__clBCS_strict_deltaE2__cm__spMbc__bc-(2.970287399442505))/(0.5417830982981453))) + (-0.03400611504912376)*(((Ntrack_gencut-(6.380391663835695))/(1.711191225122634))*((sumValueInList__botau__pl__clBCS_strict_dM2__cm__spM__bc-(1.812249086670265))/(0.3316852184507579))) + (0.02161242999136448)*(((Ntrack_gencut-(6.380391663835695))/(1.711191225122634))*((sumValueInList__botau__pl__clBCS_strict_dM2__cm__spdeltaE__bc-(-0.6152694269953234))/(0.2907571499778808))) + (-0.06196905300021172)*(((Ntrack_gencut-(6.380391663835695))/(1.711191225122634))*((sumValueInList__botau__pl__clBCS_strict_dM2__cm__spMbc__bc-(3.027244666078906))/(0.5255793101404719))) + (-0.01949671655893326)*(((Ntrack_gencut-(6.380391663835695))/(1.711191225122634))*((sumValueInList__botau__pl__clBCS_strict_dM2__cmdaughterHighest__bop__bc__bc-(3.143958461381385))/(0.9465581819457167))) + (0.08877944946289062)*((((cosTBz-(0.5950749008205581))/(0.2947507726445153))^2)) + (0.01843264140188694)*(((cosTBz-(0.5950749008205581))/(0.2947507726445153))*((foxWolframR1-(0.01081985664397396))/(0.04871152680809205))) + (0.104617528617382)*(((cosTBz-(0.5950749008205581))/(0.2947507726445153))*((nParticlesInList__botau__pl__clfake_strict0__bc-(25.64691138746151))/(23.6254377377478))) + (0.01001971866935492)*(((cosTBz-(0.5950749008205581))/(0.2947507726445153))*((nParticlesInList__botau__pl__clfake_strict2__bc-(1.752246275823144))/(1.162838617211971))) + (0.06748604029417038)*(((cosTBz-(0.5950749008205581))/(0.2947507726445153))*((sumValueInList__botau__pl__clBCS_strict_deltaE2__cm__spM__bc-(1.849384925862775))/(0.3868020880377942))) + (-0.1692784875631332)*(((cosTBz-(0.5950749008205581))/(0.2947507726445153))*((sumValueInList__botau__pl__clBCS_strict_deltaE2__cm__spdeltaE__bc-(-0.5622677670186995))/(0.2934337790981981))) + (-0.07593703269958496)*(((cosTBz-(0.5950749008205581))/(0.2947507726445153))*((sumValueInList__botau__pl__clBCS_strict_deltaE2__cm__spMbc__bc-(2.970287399442505))/(0.5417830982981453))) + (0.009501133114099503)*(((cosTBz-(0.5950749008205581))/(0.2947507726445153))*((sumValueInList__botau__pl__clBCS_strict_dM2__cm__spM__bc-(1.812249086670265))/(0.3316852184507579))) + (-0.08947980403900146)*(((cosTBz-(0.5950749008205581))/(0.2947507726445153))*((sumValueInList__botau__pl__clBCS_strict_dM2__cm__spdeltaE__bc-(-0.6152694269953234))/(0.2907571499778808))) + (-0.1272817701101303)*(((cosTBz-(0.5950749008205581))/(0.2947507726445153))*((sumValueInList__botau__pl__clBCS_strict_dM2__cm__spMbc__bc-(3.027244666078906))/(0.5255793101404719))) + (0.04484111443161964)*(((cosTBz-(0.5950749008205581))/(0.2947507726445153))*((sumValueInList__botau__pl__clBCS_strict_dM2__cmdaughterHighest__bop__bc__bc-(3.143958461381385))/(0.9465581819457167))) + (0.003590549575164914)*((((foxWolframR1-(0.01081985664397396))/(0.04871152680809205))^2)) + (0.07299890369176865)*(((foxWolframR1-(0.01081985664397396))/(0.04871152680809205))*((nParticlesInList__botau__pl__clfake_strict0__bc-(25.64691138746151))/(23.6254377377478))) + (-0.01908277906477451)*(((foxWolframR1-(0.01081985664397396))/(0.04871152680809205))*((nParticlesInList__botau__pl__clfake_strict2__bc-(1.752246275823144))/(1.162838617211971))) + (-0.0004556726489681751)*(((foxWolframR1-(0.01081985664397396))/(0.04871152680809205))*((sumValueInList__botau__pl__clBCS_strict_deltaE2__cm__spM__bc-(1.849384925862775))/(0.3868020880377942))) + (0.01577415317296982)*(((foxWolframR1-(0.01081985664397396))/(0.04871152680809205))*((sumValueInList__botau__pl__clBCS_strict_deltaE2__cm__spdeltaE__bc-(-0.5622677670186995))/(0.2934337790981981))) + (0.01241827756166458)*(((foxWolframR1-(0.01081985664397396))/(0.04871152680809205))*((sumValueInList__botau__pl__clBCS_strict_deltaE2__cm__spMbc__bc-(2.970287399442505))/(0.5417830982981453))) + (-0.01536391116678715)*(((foxWolframR1-(0.01081985664397396))/(0.04871152680809205))*((sumValueInList__botau__pl__clBCS_strict_dM2__cm__spM__bc-(1.812249086670265))/(0.3316852184507579))) + (0.01039275713264942)*(((foxWolframR1-(0.01081985664397396))/(0.04871152680809205))*((sumValueInList__botau__pl__clBCS_strict_dM2__cm__spdeltaE__bc-(-0.6152694269953234))/(0.2907571499778808))) + (0.01405764278024435)*(((foxWolframR1-(0.01081985664397396))/(0.04871152680809205))*((sumValueInList__botau__pl__clBCS_strict_dM2__cm__spMbc__bc-(3.027244666078906))/(0.5255793101404719))) + (0.01585699431598186)*(((foxWolframR1-(0.01081985664397396))/(0.04871152680809205))*((sumValueInList__botau__pl__clBCS_strict_dM2__cmdaughterHighest__bop__bc__bc-(3.143958461381385))/(0.9465581819457167))) + (0.1173619702458382)*((((nParticlesInList__botau__pl__clfake_strict0__bc-(25.64691138746151))/(23.6254377377478))^2)) + (0.01113045960664749)*(((nParticlesInList__botau__pl__clfake_strict0__bc-(25.64691138746151))/(23.6254377377478))*((nParticlesInList__botau__pl__clfake_strict2__bc-(1.752246275823144))/(1.162838617211971))) + (-0.007881266064941883)*(((nParticlesInList__botau__pl__clfake_strict0__bc-(25.64691138746151))/(23.6254377377478))*((sumValueInList__botau__pl__clBCS_strict_deltaE2__cm__spM__bc-(1.849384925862775))/(0.3868020880377942))) + (-0.07680971175432205)*(((nParticlesInList__botau__pl__clfake_strict0__bc-(25.64691138746151))/(23.6254377377478))*((sumValueInList__botau__pl__clBCS_strict_deltaE2__cm__spdeltaE__bc-(-0.5622677670186995))/(0.2934337790981981))) + (0.04766774550080299)*(((nParticlesInList__botau__pl__clfake_strict0__bc-(25.64691138746151))/(23.6254377377478))*((sumValueInList__botau__pl__clBCS_strict_deltaE2__cm__spMbc__bc-(2.970287399442505))/(0.5417830982981453))) + (0.03596783429384232)*(((nParticlesInList__botau__pl__clfake_strict0__bc-(25.64691138746151))/(23.6254377377478))*((sumValueInList__botau__pl__clBCS_strict_dM2__cm__spM__bc-(1.812249086670265))/(0.3316852184507579))) + (-0.04600825905799866)*(((nParticlesInList__botau__pl__clfake_strict0__bc-(25.64691138746151))/(23.6254377377478))*((sumValueInList__botau__pl__clBCS_strict_dM2__cm__spdeltaE__bc-(-0.6152694269953234))/(0.2907571499778808))) + (-0.01567505300045013)*(((nParticlesInList__botau__pl__clfake_strict0__bc-(25.64691138746151))/(23.6254377377478))*((sumValueInList__botau__pl__clBCS_strict_dM2__cm__spMbc__bc-(3.027244666078906))/(0.5255793101404719))) + (0.0313185453414917)*(((nParticlesInList__botau__pl__clfake_strict0__bc-(25.64691138746151))/(23.6254377377478))*((sumValueInList__botau__pl__clBCS_strict_dM2__cmdaughterHighest__bop__bc__bc-(3.143958461381385))/(0.9465581819457167))) + (-0.01273221150040627)*((((nParticlesInList__botau__pl__clfake_strict2__bc-(1.752246275823144))/(1.162838617211971))^2)) + (0.07071412354707718)*(((nParticlesInList__botau__pl__clfake_strict2__bc-(1.752246275823144))/(1.162838617211971))*((sumValueInList__botau__pl__clBCS_strict_deltaE2__cm__spM__bc-(1.849384925862775))/(0.3868020880377942))) + (0.1089488565921783)*(((nParticlesInList__botau__pl__clfake_strict2__bc-(1.752246275823144))/(1.162838617211971))*((sumValueInList__botau__pl__clBCS_strict_deltaE2__cm__spdeltaE__bc-(-0.5622677670186995))/(0.2934337790981981))) + (-0.04171757027506828)*(((nParticlesInList__botau__pl__clfake_strict2__bc-(1.752246275823144))/(1.162838617211971))*((sumValueInList__botau__pl__clBCS_strict_deltaE2__cm__spMbc__bc-(2.970287399442505))/(0.5417830982981453))) + (0.01563476584851742)*(((nParticlesInList__botau__pl__clfake_strict2__bc-(1.752246275823144))/(1.162838617211971))*((sumValueInList__botau__pl__clBCS_strict_dM2__cm__spM__bc-(1.812249086670265))/(0.3316852184507579))) + (-0.0310070738196373)*(((nParticlesInList__botau__pl__clfake_strict2__bc-(1.752246275823144))/(1.162838617211971))*((sumValueInList__botau__pl__clBCS_strict_dM2__cm__spdeltaE__bc-(-0.6152694269953234))/(0.2907571499778808))) + (0.02439548820257187)*(((nParticlesInList__botau__pl__clfake_strict2__bc-(1.752246275823144))/(1.162838617211971))*((sumValueInList__botau__pl__clBCS_strict_dM2__cm__spMbc__bc-(3.027244666078906))/(0.5255793101404719))) + (0.0105758523568511)*(((nParticlesInList__botau__pl__clfake_strict2__bc-(1.752246275823144))/(1.162838617211971))*((sumValueInList__botau__pl__clBCS_strict_dM2__cmdaughterHighest__bop__bc__bc-(3.143958461381385))/(0.9465581819457167))) + (-0.4305009841918945)*((((sumValueInList__botau__pl__clBCS_strict_deltaE2__cm__spM__bc-(1.849384925862775))/(0.3868020880377942))^2)) + (-0.1146741658449173)*(((sumValueInList__botau__pl__clBCS_strict_deltaE2__cm__spM__bc-(1.849384925862775))/(0.3868020880377942))*((sumValueInList__botau__pl__clBCS_strict_deltaE2__cm__spdeltaE__bc-(-0.5622677670186995))/(0.2934337790981981))) + (0.04993986710906029)*(((sumValueInList__botau__pl__clBCS_strict_deltaE2__cm__spM__bc-(1.849384925862775))/(0.3868020880377942))*((sumValueInList__botau__pl__clBCS_strict_deltaE2__cm__spMbc__bc-(2.970287399442505))/(0.5417830982981453))) + (-0.3420024812221527)*(((sumValueInList__botau__pl__clBCS_strict_deltaE2__cm__spM__bc-(1.849384925862775))/(0.3868020880377942))*((sumValueInList__botau__pl__clBCS_strict_dM2__cm__spM__bc-(1.812249086670265))/(0.3316852184507579))) + (0.003919490147382021)*(((sumValueInList__botau__pl__clBCS_strict_deltaE2__cm__spM__bc-(1.849384925862775))/(0.3868020880377942))*((sumValueInList__botau__pl__clBCS_strict_dM2__cm__spdeltaE__bc-(-0.6152694269953234))/(0.2907571499778808))) + (-0.0918261706829071)*(((sumValueInList__botau__pl__clBCS_strict_deltaE2__cm__spM__bc-(1.849384925862775))/(0.3868020880377942))*((sumValueInList__botau__pl__clBCS_strict_dM2__cm__spMbc__bc-(3.027244666078906))/(0.5255793101404719))) + (0.02696399018168449)*(((sumValueInList__botau__pl__clBCS_strict_deltaE2__cm__spM__bc-(1.849384925862775))/(0.3868020880377942))*((sumValueInList__botau__pl__clBCS_strict_dM2__cmdaughterHighest__bop__bc__bc-(3.143958461381385))/(0.9465581819457167))) + (-0.04553355649113655)*((((sumValueInList__botau__pl__clBCS_strict_deltaE2__cm__spdeltaE__bc-(-0.5622677670186995))/(0.2934337790981981))^2)) + (0.1269608587026596)*(((sumValueInList__botau__pl__clBCS_strict_deltaE2__cm__spdeltaE__bc-(-0.5622677670186995))/(0.2934337790981981))*((sumValueInList__botau__pl__clBCS_strict_deltaE2__cm__spMbc__bc-(2.970287399442505))/(0.5417830982981453))) + (-0.1263502687215805)*(((sumValueInList__botau__pl__clBCS_strict_deltaE2__cm__spdeltaE__bc-(-0.5622677670186995))/(0.2934337790981981))*((sumValueInList__botau__pl__clBCS_strict_dM2__cm__spM__bc-(1.812249086670265))/(0.3316852184507579))) + (0.03324685618281364)*(((sumValueInList__botau__pl__clBCS_strict_deltaE2__cm__spdeltaE__bc-(-0.5622677670186995))/(0.2934337790981981))*((sumValueInList__botau__pl__clBCS_strict_dM2__cm__spdeltaE__bc-(-0.6152694269953234))/(0.2907571499778808))) + (0.1255383491516113)*(((sumValueInList__botau__pl__clBCS_strict_deltaE2__cm__spdeltaE__bc-(-0.5622677670186995))/(0.2934337790981981))*((sumValueInList__botau__pl__clBCS_strict_dM2__cm__spMbc__bc-(3.027244666078906))/(0.5255793101404719))) + (-0.0570482537150383)*(((sumValueInList__botau__pl__clBCS_strict_deltaE2__cm__spdeltaE__bc-(-0.5622677670186995))/(0.2934337790981981))*((sumValueInList__botau__pl__clBCS_strict_dM2__cmdaughterHighest__bop__bc__bc-(3.143958461381385))/(0.9465581819457167))) + (-0.1308189779520035)*((((sumValueInList__botau__pl__clBCS_strict_deltaE2__cm__spMbc__bc-(2.970287399442505))/(0.5417830982981453))^2)) + (0.0312504805624485)*(((sumValueInList__botau__pl__clBCS_strict_deltaE2__cm__spMbc__bc-(2.970287399442505))/(0.5417830982981453))*((sumValueInList__botau__pl__clBCS_strict_dM2__cm__spM__bc-(1.812249086670265))/(0.3316852184507579))) + (0.1253832578659058)*(((sumValueInList__botau__pl__clBCS_strict_deltaE2__cm__spMbc__bc-(2.970287399442505))/(0.5417830982981453))*((sumValueInList__botau__pl__clBCS_strict_dM2__cm__spdeltaE__bc-(-0.6152694269953234))/(0.2907571499778808))) + (-0.1802378445863724)*(((sumValueInList__botau__pl__clBCS_strict_deltaE2__cm__spMbc__bc-(2.970287399442505))/(0.5417830982981453))*((sumValueInList__botau__pl__clBCS_strict_dM2__cm__spMbc__bc-(3.027244666078906))/(0.5255793101404719))) + (-0.01594977267086506)*(((sumValueInList__botau__pl__clBCS_strict_deltaE2__cm__spMbc__bc-(2.970287399442505))/(0.5417830982981453))*((sumValueInList__botau__pl__clBCS_strict_dM2__cmdaughterHighest__bop__bc__bc-(3.143958461381385))/(0.9465581819457167))) + (-1.016951203346252)*((((sumValueInList__botau__pl__clBCS_strict_dM2__cm__spM__bc-(1.812249086670265))/(0.3316852184507579))^2)) + (-0.2500491440296173)*(((sumValueInList__botau__pl__clBCS_strict_dM2__cm__spM__bc-(1.812249086670265))/(0.3316852184507579))*((sumValueInList__botau__pl__clBCS_strict_dM2__cm__spdeltaE__bc-(-0.6152694269953234))/(0.2907571499778808))) + (-0.2511942684650421)*(((sumValueInList__botau__pl__clBCS_strict_dM2__cm__spM__bc-(1.812249086670265))/(0.3316852184507579))*((sumValueInList__botau__pl__clBCS_strict_dM2__cm__spMbc__bc-(3.027244666078906))/(0.5255793101404719))) + (-0.04930664598941803)*(((sumValueInList__botau__pl__clBCS_strict_dM2__cm__spM__bc-(1.812249086670265))/(0.3316852184507579))*((sumValueInList__botau__pl__clBCS_strict_dM2__cmdaughterHighest__bop__bc__bc-(3.143958461381385))/(0.9465581819457167))) + (0.1606395840644836)*((((sumValueInList__botau__pl__clBCS_strict_dM2__cm__spdeltaE__bc-(-0.6152694269953234))/(0.2907571499778808))^2)) + (-0.08500049263238907)*(((sumValueInList__botau__pl__clBCS_strict_dM2__cm__spdeltaE__bc-(-0.6152694269953234))/(0.2907571499778808))*((sumValueInList__botau__pl__clBCS_strict_dM2__cm__spMbc__bc-(3.027244666078906))/(0.5255793101404719))) + (-0.06294024735689163)*(((sumValueInList__botau__pl__clBCS_strict_dM2__cm__spdeltaE__bc-(-0.6152694269953234))/(0.2907571499778808))*((sumValueInList__botau__pl__clBCS_strict_dM2__cmdaughterHighest__bop__bc__bc-(3.143958461381385))/(0.9465581819457167))) + (-0.145693764090538)*((((sumValueInList__botau__pl__clBCS_strict_dM2__cm__spMbc__bc-(3.027244666078906))/(0.5255793101404719))^2)) + (-0.01568492688238621)*(((sumValueInList__botau__pl__clBCS_strict_dM2__cm__spMbc__bc-(3.027244666078906))/(0.5255793101404719))*((sumValueInList__botau__pl__clBCS_strict_dM2__cmdaughterHighest__bop__bc__bc-(3.143958461381385))/(0.9465581819457167))) + (0.01505881175398827)*((((sumValueInList__botau__pl__clBCS_strict_dM2__cmdaughterHighest__bop__bc__bc-(3.143958461381385))/(0.9465581819457167))^2)))"
)

# Final event selection
# Keep an event only when it is in Region A and passes the Region A LR threshold.
# B/C/D are rejected automatically by requiring the Region A condition.
# basf2 cut expression:
# "nParticlesInList__botau__pl__clfake_strict2__bc > 0.5 and LR_score_A_quad > 2.398015901795199"

Saved files
  Thresholds: logistic_output/logistic_thresholds.json
  ROC plot:   logistic_output/roc_curve_validation.png


PS:

Read file <./err.err> for stderr output of this job.

